MMSI,vessel_name,vessel_type,timestamp,latitude,longitude,SOG,COG,heading
100000000,Synthetic Vessel 1,,2025-01-01 00:00:00+00:00,13.077681604753897,80.2937285722564,10.394633936788146,92.31993941811405,92.31993941811405
100000000,Synthetic Vessel 1,,2025-01-01 00:06:00+00:00,13.077681604753897,80.2987285722564,8.623978081344811,86.56018640442437,86.56018640442437
100000000,Synthetic Vessel 1,,2025-01-01 00:12:00+00:00,13.077681604753897,80.30372857225639,11.46470458309974,85.580836121682,85.580836121682
100000000,Synthetic Vessel 1,,2025-01-01 00:18:00+00:00,13.077681604753897,80.30872857225638,10.83229031118418,91.0111501174321,91.0111501174321
100000000,Synthetic Vessel 1,,2025-01-01 00:24:00+00:00,13.077681604753897,80.31372857225638,11.879639408647977,85.20584494295802,85.20584494295802
100000000,Synthetic Vessel 1,,2025-01-01 00:30:00+00:00,13.077681604753897,80.31872857225638,8.849356442713106,93.3244264080042,93.3244264080042
100000000,Synthetic Vessel 1,,2025-01-01 00:36:00+00:00,13.077681604753897,80.32372857225637,8.733618039413734,86.818249672071,86.818249672071
100000000,Synthetic Vessel 1,,2025-01-01 00:42:00+00:00,13.077681604753897,80.32872857225637,10.099025726528952,88.04242242959538,88.04242242959538
100000000,Synthetic Vessel 1,,2025-01-01 00:48:00+00:00,13.077681604753897,80.33372857225636,9.164916560792168,89.31945018642116,89.31945018642116
100000000,Synthetic Vessel 1,,2025-01-01 00:54:00+00:00,13.077681604753897,80.33872857225636,8.557975442608168,91.1185289472238,91.1185289472238
100000000,Synthetic Vessel 1,,2025-01-01 01:00:00+00:00,13.077681604753897,80.34372857225635,9.465447373174769,87.92144648535218,87.92144648535218
100000000,Synthetic Vessel 1,,2025-01-01 01:06:00+00:00,13.077681604753897,80.34872857225635,11.140703845572055,89.56069984217037,89.56069984217037
100000000,Synthetic Vessel 1,,2025-01-01 01:12:00+00:00,13.077681604753897,80.35372857225634,10.056937753654449,86.9967378215836,86.9967378215836
100000000,Synthetic Vessel 1,,2025-01-01 01:18:00+00:00,13.077681604753897,80.35872857225634,8.185801650879991,90.92414568862044,90.92414568862044
100000000,Synthetic Vessel 1,,2025-01-01 01:24:00+00:00,13.077681604753897,80.36372857225633,8.682096494749166,91.0754485190144,91.0754485190144
100000000,Synthetic Vessel 1,,2025-01-01 01:30:00+00:00,13.077681604753897,80.36872857225633,11.795542149013333,85.6505159298528,85.6505159298528
100000000,Synthetic Vessel 1,,2025-01-01 01:36:00+00:00,13.077681604753897,80.37372857225633,11.233589392465843,94.6563203307456,94.6563203307456
100000000,Synthetic Vessel 1,,2025-01-01 01:42:00+00:00,13.077681604753897,80.37872857225632,8.390688456025536,88.0461376917337,88.0461376917337
100000000,Synthetic Vessel 1,,2025-01-01 01:48:00+00:00,13.077681604753897,80.38372857225632,9.760609974958406,91.84233026512156,91.84233026512156
100000000,Synthetic Vessel 1,,2025-01-01 01:54:00+00:00,13.077681604753897,80.38872857225631,9.98070764044508,86.22038234844779,86.22038234844779
100000000,Synthetic Vessel 1,,2025-01-01 02:00:00+00:00,13.077681604753897,80.39372857225631,11.637281608315128,85.34388521115218,85.34388521115218
100000000,Synthetic Vessel 1,,2025-01-01 02:06:00+00:00,13.077681604753897,80.3987285722563,10.650089137415929,87.58779981600017,87.58779981600017
100000000,Synthetic Vessel 1,,2025-01-01 02:12:00+00:00,13.077681604753897,80.4037285722563,10.080272084711243,88.1171107608941,88.1171107608941
100000000,Synthetic Vessel 1,,2025-01-01 02:18:00+00:00,13.077681604753897,80.4087285722563,8.739417822102109,90.4671027934328,90.4671027934328
100000000,Synthetic Vessel 1,,2025-01-01 02:24:00+00:00,13.077681604753897,80.41372857225629,11.100531293444458,94.6958462776456,94.6958462776456
100000000,Synthetic Vessel 1,,2025-01-01 02:30:00+00:00,13.077681604753897,80.41872857225628,11.579309401710596,94.39498941564187,94.39498941564187
100000000,Synthetic Vessel 1,,2025-01-01 02:36:00+00:00,13.077681604753897,80.42372857225628,11.687496940092467,90.97899978811084,90.97899978811084
100000000,Synthetic Vessel 1,,2025-01-01 02:42:00+00:00,13.077681604753897,80.42872857225628,8.783931449676581,85.88492502051919,85.88492502051919
100000000,Synthetic Vessel 1,,2025-01-01 02:48:00+00:00,13.077681604753897,80.43372857225627,9.301321323053058,85.45227288910539,85.45227288910539
100000000,Synthetic Vessel 1,,2025-01-01 02:54:00+00:00,13.077681604753897,80.43872857225627,9.085396127095583,88.88677289689483,88.88677289689483
100000001,Synthetic Vessel 2,,2025-01-01 00:00:00+00:00,13.735793708497608,79.98506057505035,13.021969807540398,50.73272099091455,50.73272099091455
100000001,Synthetic Vessel 2,,2025-01-01 00:06:00+00:00,13.727284721371202,79.99479831378237,6.987156815341724,278.0081169467967,278.0081169467967
100000001,Synthetic Vessel 2,,2025-01-01 00:12:00+00:00,13.717395163713674,80.00110754235146,12.290071680409874,254.46864378514212,254.46864378514212
100000001,Synthetic Vessel 2,,2025-01-01 00:18:00+00:00,13.722820570647391,79.99258843538614,6.158690595251297,129.04766227593814,129.04766227593814
100000001,Synthetic Vessel 2,,2025-01-01 00:24:00+00:00,13.730082639164904,79.99505439792269,5.635583502860237,119.1232889469537,119.1232889469537
100000001,Synthetic Vessel 2,,2025-01-01 00:30:00+00:00,13.72630228559922,79.99155806436322,11.375574713552131,262.6582242017031,262.6582242017031
100000001,Synthetic Vessel 2,,2025-01-01 00:36:00+00:00,13.734046540450748,79.99100236286645,12.13244787222995,43.053928537788615,43.053928537788615
100000001,Synthetic Vessel 2,,2025-01-01 00:42:00+00:00,13.739262241423084,79.99222790681785,9.937955963643908,277.54818478364194,277.54818478364194
100000001,Synthetic Vessel 2,,2025-01-01 00:48:00+00:00,13.739716898010723,79.99077872718502,6.078914269933044,9.150885627874269,9.150885627874269
100000001,Synthetic Vessel 2,,2025-01-01 00:54:00+00:00,13.73034548172446,79.9935069354103,10.085706911647028,113.1681531874776,113.1681531874776
100000001,Synthetic Vessel 2,,2025-01-01 01:00:00+00:00,13.738496811202982,79.98849277999327,12.555511385430489,147.73785229282672,147.73785229282672
100000001,Synthetic Vessel 2,,2025-01-01 01:06:00+00:00,13.733072774512816,79.98003237818985,6.612212872540044,104.31052304895648,104.31052304895648
100000001,Synthetic Vessel 2,,2025-01-01 01:12:00+00:00,13.741666727559666,79.98619478578114,13.714605901877178,228.02535234375244,228.02535234375244
100000001,Synthetic Vessel 2,,2025-01-01 01:18:00+00:00,13.747740169097648,79.97992618695886,10.393422419156508,321.321239456392,321.321239456392
100000001,Synthetic Vessel 2,,2025-01-01 01:24:00+00:00,13.75388897220093,79.98784801295733,6.100519245276768,114.481250989871,114.481250989871
100000001,Synthetic Vessel 2,,2025-01-01 01:30:00+00:00,13.748447675451768,79.98639016872986,13.607305832563434,294.48531573209755,294.48531573209755
100000001,Synthetic Vessel 2,,2025-01-01 01:36:00+00:00,13.738586718062392,79.98660511478141,7.221078104707303,150.26796113356045,150.26796113356045
100000001,Synthetic Vessel 2,,2025-01-01 01:42:00+00:00,13.730984025409064,79.98335741820948,8.232029320207552,339.4474934085069,339.4474934085069
100000001,Synthetic Vessel 2,,2025-01-01 01:48:00+00:00,13.731359837843932,79.98741779738738,14.717820827209607,130.90665685654582,130.90665685654582
100000001,Synthetic Vessel 2,,2025-01-01 01:54:00+00:00,13.740608783742774,79.98245344330388,8.008783098167697,179.00946212125876,179.00946212125876
100000001,Synthetic Vessel 2,,2025-01-01 02:00:00+00:00,13.736305593630323,79.97319118225097,10.026790232288617,219.4431602327629,219.4431602327629
100000001,Synthetic Vessel 2,,2025-01-01 02:06:00+00:00,13.727335168655324,79.9687641115357,7.395618906669724,326.97571894799535,326.97571894799535
100000001,Synthetic Vessel 2,,2025-01-01 02:12:00+00:00,13.720233066097148,79.96855316674126,7.420552715115004,354.83416347981625,354.83416347981625
100000001,Synthetic Vessel 2,,2025-01-01 02:18:00+00:00,13.723675777045266,79.97378555904784,12.282163486118597,85.54951583726388,85.54951583726388
100000001,Synthetic Vessel 2,,2025-01-01 02:24:00+00:00,13.721031439699653,79.97643167565971,10.357746840747584,228.0706958739221,228.0706958739221
100000001,Synthetic Vessel 2,,2025-01-01 02:30:00+00:00,13.71283723510074,79.9831377255715,6.865185103998543,115.4808233898249,115.4808233898249
100000001,Synthetic Vessel 2,,2025-01-01 02:36:00+00:00,13.703652737931836,79.98495558443526,5.165878289278561,243.9231702632217,243.9231702632217
100000001,Synthetic Vessel 2,,2025-01-01 02:42:00+00:00,13.70389459909782,79.97948549993922,6.743664290049915,232.26220454740195,232.26220454740195
100000001,Synthetic Vessel 2,,2025-01-01 02:48:00+00:00,13.70771335385987,79.97722020686523,6.3752094414599325,337.22279594522445,337.22279594522445
100000001,Synthetic Vessel 2,,2025-01-01 02:54:00+00:00,13.704534680880874,79.96948967729004,13.77339353380981,332.8897025802826,332.8897025802826
100000002,Synthetic Vessel 3,,2025-01-01 00:00:00+00:00,12.604927699434338,80.59177210830036,7.418522909004517,190.67420820816236,190.67420820816236
100000002,Synthetic Vessel 3,,2025-01-01 00:06:00+00:00,12.596789754790455,80.59971642345943,11.33101457273268,324.150500578799,324.150500578799
100000002,Synthetic Vessel 3,,2025-01-01 00:12:00+00:00,12.59357035061143,80.59670061495169,13.971102599525771,261.3440443932862,261.3440443932862
100000002,Synthetic Vessel 3,,2025-01-01 00:18:00+00:00,12.601312079096733,80.60229812586884,5.841399649950488,231.1313926155436,231.1313926155436
100000002,Synthetic Vessel 3,,2025-01-01 00:24:00+00:00,12.594544653378623,80.61026920963938,5.091970516166296,218.3144614774524,218.3144614774524
100000002,Synthetic Vessel 3,,2025-01-01 00:30:00+00:00,12.586574084235943,80.61353924502154,6.608080514174986,1.8221701846387277,1.8221701846387277
100000002,Synthetic Vessel 3,,2025-01-01 00:36:00+00:00,12.587548760023274,80.6173771489754,7.242693094605598,234.7060534209362,234.7060534209362
100000002,Synthetic Vessel 3,,2025-01-01 00:42:00+00:00,12.591792344450225,80.61212213072533,12.46491405118024,117.14389133733638,117.14389133733638
100000002,Synthetic Vessel 3,,2025-01-01 00:48:00+00:00,12.59478500243117,80.6191065989352,10.683086033354716,236.7406412281236,236.7406412281236
100000002,Synthetic Vessel 3,,2025-01-01 00:54:00+00:00,12.586658497787733,80.6164609149964,7.439896433790835,95.47285236542116,95.47285236542116
100000002,Synthetic Vessel 3,,2025-01-01 01:00:00+00:00,12.59611870888278,80.61432286948973,11.311386259972627,321.1367598637608,321.1367598637608
100000002,Synthetic Vessel 3,,2025-01-01 01:06:00+00:00,12.602014934953614,80.61437561135183,9.925176938188638,207.68539846548927,207.68539846548927
100000002,Synthetic Vessel 3,,2025-01-01 01:12:00+00:00,12.595919794709577,80.61882465365706,5.243159664314538,101.0780504787081,101.0780504787081
100000002,Synthetic Vessel 3,,2025-01-01 01:18:00+00:00,12.59882924062772,80.6123668672452,14.539285770025874,338.56509036704915,338.56509036704915
100000002,Synthetic Vessel 3,,2025-01-01 01:24:00+00:00,12.607126528432127,80.60977004125031,14.283185625877254,5.564381950392274,5.564381950392274
100000002,Synthetic Vessel 3,,2025-01-01 01:30:00+00:00,12.605690211398471,80.61910313763119,13.5300945546736,346.903191752131,346.903191752131
100000002,Synthetic Vessel 3,,2025-01-01 01:36:00+00:00,12.601579189239864,80.61680509220322,8.169220051562776,306.4092017460685,306.4092017460685
100000002,Synthetic Vessel 3,,2025-01-01 01:42:00+00:00,12.594969044173586,80.61794111745239,11.96029796674973,337.01571869788114,337.01571869788114
100000002,Synthetic Vessel 3,,2025-01-01 01:48:00+00:00,12.596370267575374,80.6098846473278,14.900538501042632,221.4026016117011,221.4026016117011
100000002,Synthetic Vessel 3,,2025-01-01 01:54:00+00:00,12.589171947880104,80.61025124037508,12.407686177542043,315.85430589406394,315.85430589406394
100000002,Synthetic Vessel 3,,2025-01-01 02:00:00+00:00,12.593112262700007,80.61430092205482,7.935918442644933,129.41681443911187,129.41681443911187
100000002,Synthetic Vessel 3,,2025-01-01 02:06:00+00:00,12.59929948580958,80.62050318994841,14.132405525564714,312.14603468883735,312.14603468883735
100000002,Synthetic Vessel 3,,2025-01-01 02:12:00+00:00,12.599526333786798,80.62053351584215,11.499639307777652,287.38626442803906,287.38626442803906
100000002,Synthetic Vessel 3,,2025-01-01 02:18:00+00:00,12.603565671331951,80.62644936923088,8.379951568515358,320.40192305432385,320.40192305432385
100000002,Synthetic Vessel 3,,2025-01-01 02:24:00+00:00,12.60107733038475,80.6183290080277,5.359422737967421,208.18085075862265,208.18085075862265
100000002,Synthetic Vessel 3,,2025-01-01 02:30:00+00:00,12.6003892907474,80.61918190072186,10.908332605690108,103.1548507661824,103.1548507661824
100000002,Synthetic Vessel 3,,2025-01-01 02:36:00+00:00,12.59099929574618,80.60992886449684,8.60190641411263,296.13620183747696,296.13620183747696
100000002,Synthetic Vessel 3,,2025-01-01 02:42:00+00:00,12.583540505999215,80.61037372969793,7.158210274968432,277.1976791154999,277.1976791154999
100000002,Synthetic Vessel 3,,2025-01-01 02:48:00+00:00,12.585998315515598,80.60208067899781,10.31354631568148,18.60541962069877,18.60541962069877
100000002,Synthetic Vessel 3,,2025-01-01 02:54:00+00:00,12.5868110179478,80.60482927702778,14.758520794625346,261.3928801401582,261.3928801401582
100000003,Synthetic Vessel 4,,2025-01-01 00:00:00+00:00,13.121204420497763,79.91202959090774,5.784563813422659,158.02971145402898,158.02971145402898
100000003,Synthetic Vessel 4,,2025-01-01 00:06:00+00:00,13.111711435366074,79.92128255920129,11.95974206093698,300.9528433843941,300.9528433843941
100000003,Synthetic Vessel 4,,2025-01-01 00:12:00+00:00,13.109890494254358,79.91474844560271,7.502428981645953,56.31733536159098,56.31733536159098
100000003,Synthetic Vessel 4,,2025-01-01 00:18:00+00:00,13.11087502754848,79.91904036405671,7.799338969459429,237.6710556183833,237.6710556183833
100000003,Synthetic Vessel 4,,2025-01-01 00:24:00+00:00,13.119972333161744,79.92379830239062,11.117207462343522,199.56745890410423,199.56745890410423
100000003,Synthetic Vessel 4,,2025-01-01 00:30:00+00:00,13.1183643344103,79.91875292218064,12.57846110464369,128.15016431445417,128.15016431445417
100000003,Synthetic Vessel 4,,2025-01-01 00:36:00+00:00,13.108652204182896,79.91107437499079,5.407288023189701,16.56095112783099,16.56095112783099
100000003,Synthetic Vessel 4,,2025-01-01 00:42:00+00:00,13.115761415863116,79.9151475321784,5.978341606510015,170.70257847143708,170.70257847143708
100000003,Synthetic Vessel 4,,2025-01-01 00:48:00+00:00,13.115593733365452,79.914616967594,9.33851649237973,62.35267316760547,62.35267316760547
100000003,Synthetic Vessel 4,,2025-01-01 00:54:00+00:00,13.1135638280534,79.91693396955505,5.453040097720445,228.63371431235177,228.63371431235177
100000003,Synthetic Vessel 4,,2025-01-01 01:00:00+00:00,13.111056080345929,79.91945116786933,13.564898411883222,181.1290530888316,181.1290530888316
100000003,Synthetic Vessel 4,,2025-01-01 01:06:00+00:00,13.114229952978308,79.91270985641096,11.424192782063155,25.404749064154743,25.404749064154743
100000003,Synthetic Vessel 4,,2025-01-01 01:12:00+00:00,13.10476017918914,79.91442536803642,10.75474177875879,338.4828869129847,338.4828869129847
100000003,Synthetic Vessel 4,,2025-01-01 01:18:00+00:00,13.10252357771327,79.91729113240527,10.45616789315935,164.971040576946,164.971040576946
100000003,Synthetic Vessel 4,,2025-01-01 01:24:00+00:00,13.1113528738888,79.91501318516129,14.053506419560636,346.02860297660914,346.02860297660914
100000003,Synthetic Vessel 4,,2025-01-01 01:30:00+00:00,13.105268696584588,79.9064004111788,5.1822182565154975,36.28008049587359,36.28008049587359
100000003,Synthetic Vessel 4,,2025-01-01 01:36:00+00:00,13.097157555799706,79.91006054664712,8.189756302937614,25.627913445682434,25.627913445682434
100000003,Synthetic Vessel 4,,2025-01-01 01:42:00+00:00,13.104055062019096,79.90052598536184,7.818547747734,293.2086537320169,293.2086537320169
100000003,Synthetic Vessel 4,,2025-01-01 01:48:00+00:00,13.096418358571528,79.90446072866912,13.77472013527053,226.41942484075824,226.41942484075824
100000003,Synthetic Vessel 4,,2025-01-01 01:54:00+00:00,13.101119779447606,79.91053034727682,6.774395437797228,101.53244612567032,101.53244612567032
100000003,Synthetic Vessel 4,,2025-01-01 02:00:00+00:00,13.106132074480422,79.91666704206216,9.126176769114265,356.5818511202424,356.5818511202424
100000003,Synthetic Vessel 4,,2025-01-01 02:06:00+00:00,13.10357243619628,79.922195301277,14.307573256035647,122.68927449108642,122.68927449108642
100000003,Synthetic Vessel 4,,2025-01-01 02:12:00+00:00,13.11074069123314,79.9207751818245,12.545428740846823,270.31358440493904,270.31358440493904
100000003,Synthetic Vessel 4,,2025-01-01 02:18:00+00:00,13.102803168609858,79.92882623995808,13.264574661077416,181.89085408122855,181.89085408122855
100000003,Synthetic Vessel 4,,2025-01-01 02:24:00+00:00,13.099204160630473,79.936736704528,5.108376514802984,140.11260434429872,140.11260434429872
100000003,Synthetic Vessel 4,,2025-01-01 02:30:00+00:00,13.107311800158856,79.92856243806372,14.50061967050805,114.95290953254936,114.95290953254936
100000003,Synthetic Vessel 4,,2025-01-01 02:36:00+00:00,13.116323943097608,79.93003119582619,9.484455219783197,227.4613963811277,227.4613963811277
100000003,Synthetic Vessel 4,,2025-01-01 02:42:00+00:00,13.112188158531568,79.92660448673358,12.5237452943768,242.10664418773385,242.10664418773385
100000003,Synthetic Vessel 4,,2025-01-01 02:48:00+00:00,13.118019739406083,79.93239684958947,9.944203047025814,32.83419709752853,32.83419709752853
100000003,Synthetic Vessel 4,,2025-01-01 02:54:00+00:00,13.109170914606418,79.93338742723594,13.877041827582998,158.95098049441572,158.95098049441572
100000004,Synthetic Vessel 5,,2025-01-01 00:00:00+00:00,12.777389858745217,79.51006424548956,6.011226761227903,222.558502793854,222.558502793854
100000004,Synthetic Vessel 5,,2025-01-01 00:06:00+00:00,12.769071994867517,79.51408362811874,13.218600592903565,26.19468229110967,26.19468229110967
100000004,Synthetic Vessel 5,,2025-01-01 00:12:00+00:00,12.773196839410645,79.50571060373157,14.866395785011754,30.54157707066909,30.54157707066909
100000004,Synthetic Vessel 5,,2025-01-01 00:18:00+00:00,12.770682255325768,79.50312344667292,14.472485773838589,292.6078442127009,292.6078442127009
100000004,Synthetic Vessel 5,,2025-01-01 00:24:00+00:00,12.780402276602224,79.5081910103781,5.835007166986688,135.45345079112968,135.45345079112968
100000004,Synthetic Vessel 5,,2025-01-01 00:30:00+00:00,12.785945214920773,79.50935909537282,14.06354385094736,152.71992332891145,152.71992332891145
100000004,Synthetic Vessel 5,,2025-01-01 00:36:00+00:00,12.778169164566895,79.50921159745863,9.686606419941263,4.087312116270865,4.087312116270865
100000004,Synthetic Vessel 5,,2025-01-01 00:42:00+00:00,12.769295230080532,79.50158795578399,11.492103021160636,42.30944883975776,42.30944883975776
100000004,Synthetic Vessel 5,,2025-01-01 00:48:00+00:00,12.77421612766584,79.50325533108594,8.74870579523704,346.3821174508351,346.3821174508351
100000004,Synthetic Vessel 5,,2025-01-01 00:54:00+00:00,12.769930369391476,79.51062731364972,14.632225394406111,80.49450186700295,80.49450186700295
100000004,Synthetic Vessel 5,,2025-01-01 01:00:00+00:00,12.760173458885273,79.52002489018388,13.911431136980712,15.5375683022074,15.5375683022074
100000004,Synthetic Vessel 5,,2025-01-01 01:06:00+00:00,12.760727481067,79.52988418610626,10.538542844013207,26.56676330474359,26.56676330474359
100000004,Synthetic Vessel 5,,2025-01-01 01:12:00+00:00,12.770113531779382,79.53034614298966,11.957486889846171,226.5835097286945,226.5835097286945
100000004,Synthetic Vessel 5,,2025-01-01 01:18:00+00:00,12.769204353074738,79.53289730459134,14.01158010490989,210.35315229231608,210.35315229231608
100000004,Synthetic Vessel 5,,2025-01-01 01:24:00+00:00,12.760113280681567,79.52851656838318,13.902637838909165,342.14813426756115,342.14813426756115
100000004,Synthetic Vessel 5,,2025-01-01 01:30:00+00:00,12.75922641573728,79.53091922033921,6.881211597237613,99.85722587320775,99.85722587320775
100000004,Synthetic Vessel 5,,2025-01-01 01:36:00+00:00,12.75850038383608,79.52798626489974,5.777346369649848,210.11620026631397,210.11620026631397
100000004,Synthetic Vessel 5,,2025-01-01 01:42:00+00:00,12.767988279989405,79.53771047978933,10.360963663441204,251.33821704710823,251.33821704710823
100000004,Synthetic Vessel 5,,2025-01-01 01:48:00+00:00,12.764178832315132,79.54398638018347,6.626169393448913,246.50322211939653,246.50322211939653
100000004,Synthetic Vessel 5,,2025-01-01 01:54:00+00:00,12.772397376005008,79.55043712504194,12.2571950838836,341.9279687850927,341.9279687850927
100000004,Synthetic Vessel 5,,2025-01-01 02:00:00+00:00,12.774665679923723,79.54880198576775,13.660638895004084,335.78225400744475,335.78225400744475
100000004,Synthetic Vessel 5,,2025-01-01 02:06:00+00:00,12.765570053325847,79.5393293252577,13.105533307818328,135.52681207609783,135.52681207609783
100000004,Synthetic Vessel 5,,2025-01-01 02:12:00+00:00,12.775315575912146,79.53233766307977,8.808908566310215,213.88705752676864,213.88705752676864
100000004,Synthetic Vessel 5,,2025-01-01 02:18:00+00:00,12.784713863868438,79.53918004154248,9.686931597949702,301.79833369600965,301.79833369600965
100000004,Synthetic Vessel 5,,2025-01-01 02:24:00+00:00,12.783010253915192,79.53464818298109,13.647223762550531,20.29517879433376,20.29517879433376
100000004,Synthetic Vessel 5,,2025-01-01 02:30:00+00:00,12.789268274097791,79.54464253644682,10.554317056026274,358.78926134660594,358.78926134660594
100000004,Synthetic Vessel 5,,2025-01-01 02:36:00+00:00,12.794648022401404,79.55353785104447,7.473481017431976,305.87306064386814,305.87306064386814
100000004,Synthetic Vessel 5,,2025-01-01 02:42:00+00:00,12.793658905107606,79.5461210393475,11.0617463445088,343.45836981314005,343.45836981314005
100000004,Synthetic Vessel 5,,2025-01-01 02:48:00+00:00,12.788231761217675,79.54955505303562,8.581627180328404,222.5261665648425,222.5261665648425
100000004,Synthetic Vessel 5,,2025-01-01 02:54:00+00:00,12.780502913061667,79.55298651694747,12.723183917356394,187.3107723253656,187.3107723253656
100000005,Synthetic Vessel 6,,2025-01-01 00:00:00+00:00,13.124065138999478,80.97628176006779,9.03482866212397,315.5952969570042,315.5952969570042
100000005,Synthetic Vessel 6,,2025-01-01 00:06:00+00:00,13.116745443568492,80.96685741359406,11.203095513534649,271.8494120425028,271.8494120425028
100000005,Synthetic Vessel 6,,2025-01-01 00:12:00+00:00,13.120827038930477,80.96111669682423,5.14544665667882,49.09373121123711,49.09373121123711
100000005,Synthetic Vessel 6,,2025-01-01 00:18:00+00:00,13.117838790106608,80.96291505056132,9.374749220237293,141.20785623590365,141.20785623590365
100000005,Synthetic Vessel 6,,2025-01-01 00:24:00+00:00,13.125921963996484,80.95988015990179,12.83653012741143,185.03621609753188,185.03621609753188
100000005,Synthetic Vessel 6,,2025-01-01 00:30:00+00:00,13.123852819642908,80.96232189390635,14.495206236576422,310.45093514882825,310.45093514882825
100000005,Synthetic Vessel 6,,2025-01-01 00:36:00+00:00,13.116794289261488,80.97085364640958,7.582443882989583,177.16186550863375,177.16186550863375
100000005,Synthetic Vessel 6,,2025-01-01 00:42:00+00:00,13.115977004386254,80.98045429791529,8.287516102875081,177.34251383743305,177.34251383743305
100000005,Synthetic Vessel 6,,2025-01-01 00:48:00+00:00,13.118645021472588,80.97525721029085,6.288797219106492,27.31079811911901,27.31079811911901
100000005,Synthetic Vessel 6,,2025-01-01 00:54:00+00:00,13.111205938251745,80.9682952641611,11.408747448032146,49.97778215378765,49.97778215378765
100000005,Synthetic Vessel 6,,2025-01-01 01:00:00+00:00,13.104843539939726,80.96520860982757,9.739616402628725,322.84382756616424,322.84382756616424
100000005,Synthetic Vessel 6,,2025-01-01 01:06:00+00:00,13.108194694710146,80.95865500725161,5.408686162664789,69.22404677112148,69.22404677112148
100000005,Synthetic Vessel 6,,2025-01-01 01:12:00+00:00,13.10157339597159,80.95422681403225,5.887025337570556,63.72377433962885,63.72377433962885
100000005,Synthetic Vessel 6,,2025-01-01 01:18:00+00:00,13.0939861133936,80.9534423893929,8.642698610480755,74.2801386260853,74.2801386260853
100000005,Synthetic Vessel 6,,2025-01-01 01:24:00+00:00,13.094054458810698,80.95725028596549,12.994103989090426,14.152370342795615,14.152370342795615
100000005,Synthetic Vessel 6,,2025-01-01 01:30:00+00:00,13.096612466600517,80.94888546660447,14.208724005318132,314.4883046784398,314.4883046784398
100000005,Synthetic Vessel 6,,2025-01-01 01:36:00+00:00,13.087834025797612,80.94442301956741,12.482596903836583,290.23246072550205,290.23246072550205
100000005,Synthetic Vessel 6,,2025-01-01 01:42:00+00:00,13.08152444618474,80.93861000603414,9.845229851910211,133.36995700489751,133.36995700489751
100000005,Synthetic Vessel 6,,2025-01-01 01:48:00+00:00,13.083889541615346,80.93598827882553,12.474709381337563,166.51249780793324,166.51249780793324
100000005,Synthetic Vessel 6,,2025-01-01 01:54:00+00:00,13.074623205673156,80.93103701771241,13.952068376871994,256.80585091843886,256.80585091843886
100000005,Synthetic Vessel 6,,2025-01-01 02:00:00+00:00,13.074856754515473,80.93167928741772,9.474123668234547,38.581924082319375,38.581924082319375
100000005,Synthetic Vessel 6,,2025-01-01 02:06:00+00:00,13.075509099844572,80.92652869749041,8.772841631046226,96.92756314177714,96.92756314177714
100000005,Synthetic Vessel 6,,2025-01-01 02:12:00+00:00,13.065910523800127,80.92297028080208,8.274973521779145,76.12128251875608,76.12128251875608
100000005,Synthetic Vessel 6,,2025-01-01 02:18:00+00:00,13.058305766436511,80.93078082641688,11.791023191444896,213.69328327945752,213.69328327945752
100000005,Synthetic Vessel 6,,2025-01-01 02:24:00+00:00,13.06408919120866,80.93074967039546,10.371065418185475,31.29130371147253,31.29130371147253
100000005,Synthetic Vessel 6,,2025-01-01 02:30:00+00:00,13.065826013569078,80.93565845987915,6.275803027955638,155.39743664268457,155.39743664268457
100000005,Synthetic Vessel 6,,2025-01-01 02:36:00+00:00,13.061501531685051,80.93292010580713,10.70778304668912,232.53020687937644,232.53020687937644
100000005,Synthetic Vessel 6,,2025-01-01 02:42:00+00:00,13.05862346620301,80.94265041078299,7.372267917359945,218.0789349684794,218.0789349684794
100000005,Synthetic Vessel 6,,2025-01-01 02:48:00+00:00,13.050659115655415,80.93570759356668,6.6068137325955565,88.54478221842292,88.54478221842292
100000005,Synthetic Vessel 6,,2025-01-01 02:54:00+00:00,13.044390456136444,80.93140949694055,13.967654246264251,62.414494306111735,62.414494306111735
100000006,Synthetic Vessel 7,,2025-01-01 00:00:00+00:00,12.24137542786308,80.32937035147869,8.978555990457416,40.33400478049885,40.33400478049885
100000006,Synthetic Vessel 7,,2025-01-01 00:06:00+00:00,12.250764836528589,80.33668049399657,7.579028270449398,294.1459455417408,294.1459455417408
100000006,Synthetic Vessel 7,,2025-01-01 00:12:00+00:00,12.244182588276388,80.34005335839505,10.567628930139298,334.5753560859309,334.5753560859309
100000006,Synthetic Vessel 7,,2025-01-01 00:18:00+00:00,12.245614842065786,80.33565294026826,6.870437485575234,277.01745594909727,277.01745594909727
100000006,Synthetic Vessel 7,,2025-01-01 00:24:00+00:00,12.24208842679387,80.33416166904058,7.424097324150802,182.7397363264038,182.7397363264038
100000006,Synthetic Vessel 7,,2025-01-01 00:30:00+00:00,12.234385163288657,80.33637406988942,10.812382214226124,103.90699916649208,103.90699916649208
100000006,Synthetic Vessel 7,,2025-01-01 00:36:00+00:00,12.22747241759414,80.33599687192651,5.5182353682242695,191.7321957185709,191.7321957185709
100000006,Synthetic Vessel 7,,2025-01-01 00:42:00+00:00,12.22420450315802,80.32868516546529,14.899602323899453,22.814989370196383,22.814989370196383
100000006,Synthetic Vessel 7,,2025-01-01 00:48:00+00:00,12.220651580057512,80.33488265438238,11.815027222239292,91.67063571495498,91.67063571495498
100000006,Synthetic Vessel 7,,2025-01-01 00:54:00+00:00,12.225856137255308,80.33679542919454,9.118409141472686,169.76742787805702,169.76742787805702
100000006,Synthetic Vessel 7,,2025-01-01 01:00:00+00:00,12.222833502586168,80.3453860120795,14.650269106665126,299.0229868035825,299.0229868035825
100000006,Synthetic Vessel 7,,2025-01-01 01:06:00+00:00,12.21531944705588,80.35000336158357,6.812330661656602,337.80256445557364,337.80256445557364
100000006,Synthetic Vessel 7,,2025-01-01 01:12:00+00:00,12.206649372403216,80.35482577456938,13.41828776758272,206.8103207447683,206.8103207447683
100000006,Synthetic Vessel 7,,2025-01-01 01:18:00+00:00,12.19944481993574,80.36073112080658,6.636559428657045,72.58583521718803,72.58583521718803
100000006,Synthetic Vessel 7,,2025-01-01 01:24:00+00:00,12.19273013589436,80.3670226152112,10.230654247691191,239.47099945063204,239.47099945063204
100000006,Synthetic Vessel 7,,2025-01-01 01:30:00+00:00,12.18990674557683,80.37456662602746,13.16599439471577,141.28023867214873,141.28023867214873
100000006,Synthetic Vessel 7,,2025-01-01 01:36:00+00:00,12.188689443748231,80.37210551461595,8.01377874164142,166.5647228410583,166.5647228410583
100000006,Synthetic Vessel 7,,2025-01-01 01:42:00+00:00,12.193641631351758,80.37215992241781,13.995745732745684,83.59657025285424,83.59657025285424
100000006,Synthetic Vessel 7,,2025-01-01 01:48:00+00:00,12.191319455779222,80.37303097964009,11.24237995913992,326.3299599472369,326.3299599472369
100000006,Synthetic Vessel 7,,2025-01-01 01:54:00+00:00,12.18365741659339,80.38182762211237,8.349056146570861,225.9748991057104,225.9748991057104
100000006,Synthetic Vessel 7,,2025-01-01 02:00:00+00:00,12.176442858046656,80.38770812589777,10.334610919763216,223.2261921342649,223.2261921342649
100000006,Synthetic Vessel 7,,2025-01-01 02:06:00+00:00,12.184320709707675,80.39348007012227,8.117220677955483,54.602956703790426,54.602956703790426
100000006,Synthetic Vessel 7,,2025-01-01 02:12:00+00:00,12.179290492503966,80.39835899597372,10.698896848713163,12.071676504880578,12.071676504880578
100000006,Synthetic Vessel 7,,2025-01-01 02:18:00+00:00,12.18453966621878,80.40589430870895,13.212573046720127,123.14942953772668,123.14942953772668
100000006,Synthetic Vessel 7,,2025-01-01 02:24:00+00:00,12.176752300957885,80.41282335454365,8.972872905603673,45.89591843951367,45.89591843951367
100000006,Synthetic Vessel 7,,2025-01-01 02:30:00+00:00,12.182698208273475,80.40582170309062,12.222525683930662,82.53050228375093,82.53050228375093
100000006,Synthetic Vessel 7,,2025-01-01 02:36:00+00:00,12.187098939004397,80.40864465574833,10.427244433475964,249.821440008156,249.821440008156
100000006,Synthetic Vessel 7,,2025-01-01 02:42:00+00:00,12.182134920182536,80.40555857561841,14.084505613336283,65.37517804851323,65.37517804851323
100000006,Synthetic Vessel 7,,2025-01-01 02:48:00+00:00,12.183802756077858,80.40357560395368,14.472833396118151,166.32208931188777,166.32208931188777
100000006,Synthetic Vessel 7,,2025-01-01 02:54:00+00:00,12.17686978414018,80.40530020059401,11.11454235434648,182.11992439840776,182.11992439840776
100000007,Synthetic Vessel 8,,2025-01-01 00:00:00+00:00,12.127562733291354,81.01625048156009,14.224993811772958,250.7942965956812,250.7942965956812
100000007,Synthetic Vessel 8,,2025-01-01 00:06:00+00:00,12.13170750597762,81.00930126241838,11.06715046382856,207.46380966005276,207.46380966005276
100000007,Synthetic Vessel 8,,2025-01-01 00:12:00+00:00,12.130190119403668,81.01403014713087,14.255685129067764,336.37212531684537,336.37212531684537
100000007,Synthetic Vessel 8,,2025-01-01 00:18:00+00:00,12.129206906831753,81.00629490804768,13.388980864459342,354.54283162644043,354.54283162644043
100000007,Synthetic Vessel 8,,2025-01-01 00:24:00+00:00,12.121700160455816,81.01471174570003,10.18838057126072,313.1626903423662,313.1626903423662
100000007,Synthetic Vessel 8,,2025-01-01 00:30:00+00:00,12.123525669170714,81.01269179977743,8.35197241645901,19.71418997593128,19.71418997593128
100000007,Synthetic Vessel 8,,2025-01-01 00:36:00+00:00,12.129582738142677,81.00278444023752,8.981686935909433,120.05970180881192,120.05970180881192
100000007,Synthetic Vessel 8,,2025-01-01 00:42:00+00:00,12.130330650201431,81.01118155256577,8.469532018962276,124.68455797174605,124.68455797174605
100000007,Synthetic Vessel 8,,2025-01-01 00:48:00+00:00,12.135080675163628,81.01022591138357,9.524395161326934,80.8577362583935,80.8577362583935
100000007,Synthetic Vessel 8,,2025-01-01 00:54:00+00:00,12.127897815571224,81.0037536511137,9.189254495045478,179.4123981862127,179.4123981862127
100000007,Synthetic Vessel 8,,2025-01-01 01:00:00+00:00,12.136194733592584,81.00100152909603,11.322642879195303,209.01180610009564,209.01180610009564
100000007,Synthetic Vessel 8,,2025-01-01 01:06:00+00:00,12.126456622724351,81.00427227653637,14.610703174694551,64.09294807311052,64.09294807311052
100000007,Synthetic Vessel 8,,2025-01-01 01:12:00+00:00,12.119429877279414,81.00256475901091,14.968742518459472,30.72588050831179,30.72588050831179
100000007,Synthetic Vessel 8,,2025-01-01 01:18:00+00:00,12.11947377748604,81.00447245935732,12.499604703991778,24.147531859833894,24.147531859833894
100000007,Synthetic Vessel 8,,2025-01-01 01:24:00+00:00,12.113671889347952,81.01243354514614,6.906877206636666,73.85027057352258,73.85027057352258
100000007,Synthetic Vessel 8,,2025-01-01 01:30:00+00:00,12.104402882704914,81.01187488404834,5.657086394283524,203.34280797454196,203.34280797454196
100000007,Synthetic Vessel 8,,2025-01-01 01:36:00+00:00,12.109913435038814,81.0109406607433,9.40762746938228,188.7804969579288,188.7804969579288
100000007,Synthetic Vessel 8,,2025-01-01 01:42:00+00:00,12.10792869625632,81.01213346736947,6.819281304952711,55.8864885350565,55.8864885350565
100000007,Synthetic Vessel 8,,2025-01-01 01:48:00+00:00,12.115164408676591,81.02105577661214,7.707446731435538,134.39135386071106,134.39135386071106
100000007,Synthetic Vessel 8,,2025-01-01 01:54:00+00:00,12.118044399541372,81.01923046003411,6.561525973661904,9.13908803772415,9.13908803772415
100000007,Synthetic Vessel 8,,2025-01-01 02:00:00+00:00,12.12236384411832,81.02240893887232,7.219721619329494,9.754557301254057,9.754557301254057
100000007,Synthetic Vessel 8,,2025-01-01 02:06:00+00:00,12.116985340050082,81.0258467937443,6.041085819845739,7.095793591571096,7.095793591571096
100000007,Synthetic Vessel 8,,2025-01-01 02:12:00+00:00,12.122983661757546,81.01941768698538,7.381827810467265,234.9885988266749,234.9885988266749
100000007,Synthetic Vessel 8,,2025-01-01 02:18:00+00:00,12.114972489612732,81.01428113080537,13.556964681062858,260.0160954680373,260.0160954680373
100000007,Synthetic Vessel 8,,2025-01-01 02:24:00+00:00,12.121576886904071,81.01222480139774,7.04984295415821,240.51064916543265,240.51064916543265
100000007,Synthetic Vessel 8,,2025-01-01 02:30:00+00:00,12.117439841509292,81.02015151776816,5.85508530854468,4.680692463864973,4.680692463864973
100000007,Synthetic Vessel 8,,2025-01-01 02:36:00+00:00,12.111597566612216,81.01068216184564,10.83041560969692,65.31675663232703,65.31675663232703
100000007,Synthetic Vessel 8,,2025-01-01 02:42:00+00:00,12.110026057624063,81.01853559606718,8.41817351697876,294.2796822258387,294.2796822258387
100000007,Synthetic Vessel 8,,2025-01-01 02:48:00+00:00,12.105214526292691,81.01612944423053,7.680636408228763,212.5061793053308,212.5061793053308
100000007,Synthetic Vessel 8,,2025-01-01 02:54:00+00:00,12.107697504449677,81.01431767727435,9.361265291353169,198.7369851067129,198.7369851067129
100000008,Synthetic Vessel 9,,2025-01-01 00:00:00+00:00,12.676903634967031,81.16040887743965,9.874311982495136,312.6484713232486,312.6484713232486
100000008,Synthetic Vessel 9,,2025-01-01 00:06:00+00:00,12.684794679504916,81.1664059825586,5.224693083201174,153.07686160892405,153.07686160892405
100000008,Synthetic Vessel 9,,2025-01-01 00:12:00+00:00,12.680168226692611,81.16723866685182,7.578876854332023,228.052159137413,228.052159137413
100000008,Synthetic Vessel 9,,2025-01-01 00:18:00+00:00,12.672955348174067,81.1739372715878,10.256901823026858,354.3847850532788,354.3847850532788
100000008,Synthetic Vessel 9,,2025-01-01 00:24:00+00:00,12.666388933891035,81.16938341811819,14.14298806560499,6.620643557088024,6.620643557088024
100000008,Synthetic Vessel 9,,2025-01-01 00:30:00+00:00,12.658743955548838,81.17091374762848,10.541780025157934,98.65987944739416,98.65987944739416
100000008,Synthetic Vessel 9,,2025-01-01 00:36:00+00:00,12.661772363315874,81.17750858370262,5.1099582865848046,74.31165783381715,74.31165783381715
100000008,Synthetic Vessel 9,,2025-01-01 00:42:00+00:00,12.654510075917251,81.18550895653958,10.974131021703084,314.6004279225055,314.6004279225055
100000008,Synthetic Vessel 9,,2025-01-01 00:48:00+00:00,12.656520413125923,81.18880969003051,14.144119459249598,63.133660304441854,63.133660304441854
100000008,Synthetic Vessel 9,,2025-01-01 00:54:00+00:00,12.654895823623766,81.1864724605955,5.46965966775055,186.81037390182152,186.81037390182152
100000008,Synthetic Vessel 9,,2025-01-01 01:00:00+00:00,12.648221490998887,81.19123313292403,11.031521094663882,29.807520453045527,29.807520453045527
100000008,Synthetic Vessel 9,,2025-01-01 01:06:00+00:00,12.643128473192514,81.18901904520486,8.556727164649491,103.92974523745195,103.92974523745195
100000008,Synthetic Vessel 9,,2025-01-01 01:12:00+00:00,12.647509391296198,81.18496147951733,9.760504021990997,203.90567050688296,203.90567050688296
100000008,Synthetic Vessel 9,,2025-01-01 01:18:00+00:00,12.65078281460345,81.19369807430382,7.149403785907568,263.72595499569013,263.72595499569013
100000008,Synthetic Vessel 9,,2025-01-01 01:24:00+00:00,12.641406477304676,81.18894335518982,5.514258134842503,214.22805505209172,214.22805505209172
100000008,Synthetic Vessel 9,,2025-01-01 01:30:00+00:00,12.6413338022487,81.19088021216815,12.70912203745822,120.32780069410587,120.32780069410587
100000008,Synthetic Vessel 9,,2025-01-01 01:36:00+00:00,12.633465767311376,81.18238296780287,9.954913162061985,262.1479522332972,262.1479522332972
100000008,Synthetic Vessel 9,,2025-01-01 01:42:00+00:00,12.63723381523993,81.18107951457495,13.191023176741997,88.70473196607846,88.70473196607846
100000008,Synthetic Vessel 9,,2025-01-01 01:48:00+00:00,12.64322213281931,81.18497344399204,10.902306668690873,97.97224940278656,97.97224940278656
100000008,Synthetic Vessel 9,,2025-01-01 01:54:00+00:00,12.640441610758112,81.17680508545857,6.368186309189614,330.2328871664074,330.2328871664074
100000008,Synthetic Vessel 9,,2025-01-01 02:00:00+00:00,12.649446357834528,81.17572520091773,10.419009473783582,66.64785438190307,66.64785438190307
100000008,Synthetic Vessel 9,,2025-01-01 02:06:00+00:00,12.656905274552056,81.18036969864592,11.587833667107173,290.3620132301219,290.3620132301219
100000008,Synthetic Vessel 9,,2025-01-01 02:12:00+00:00,12.660750805842412,81.18735361167722,9.894249636431404,89.88048318930694,89.88048318930694
100000008,Synthetic Vessel 9,,2025-01-01 02:18:00+00:00,12.655174994678806,81.19710697183716,5.394268113685059,339.8613622871808,339.8613622871808
100000008,Synthetic Vessel 9,,2025-01-01 02:24:00+00:00,12.65928649812912,81.20561193818547,10.679452305526294,65.00712424584007,65.00712424584007
100000008,Synthetic Vessel 9,,2025-01-01 02:30:00+00:00,12.66759626408088,81.19629085775719,7.973490073725507,251.0712962088624,251.0712962088624
100000008,Synthetic Vessel 9,,2025-01-01 02:36:00+00:00,12.676084187988412,81.20571202266049,9.742142166574638,339.9359360808362,339.9359360808362
100000008,Synthetic Vessel 9,,2025-01-01 02:42:00+00:00,12.683325041008198,81.2126030106312,13.289154741506774,114.87617036757204,114.87617036757204
100000008,Synthetic Vessel 9,,2025-01-01 02:48:00+00:00,12.674065193702509,81.21452840820083,6.205668857772788,82.8031814235731,82.8031814235731
100000008,Synthetic Vessel 9,,2025-01-01 02:54:00+00:00,12.665604257735092,81.21845418371839,12.247667715287616,122.3549869565038,122.3549869565038
100000009,Synthetic Vessel 10,,2025-01-01 00:00:00+00:00,12.214202507445393,79.907095138958,11.25891376437009,114.75090105554516,114.75090105554516
100000009,Synthetic Vessel 10,,2025-01-01 00:06:00+00:00,12.221922062410115,79.90941240272164,5.24400781556538,83.86541091130816,83.86541091130816
100000009,Synthetic Vessel 10,,2025-01-01 00:12:00+00:00,12.229324039888134,79.89983779093865,10.28937134027212,314.8926021663118,314.8926021663118
100000009,Synthetic Vessel 10,,2025-01-01 00:18:00+00:00,12.238105393858392,79.90581345565413,8.507118154517102,359.25627979200146,359.25627979200146
100000009,Synthetic Vessel 10,,2025-01-01 00:24:00+00:00,12.243449159637017,79.90385207392632,11.2750546321837,172.75522330940717,172.75522330940717
100000009,Synthetic Vessel 10,,2025-01-01 00:30:00+00:00,12.25092270192074,79.9135337433103,9.17766782167334,276.57842899122653,276.57842899122653
100000009,Synthetic Vessel 10,,2025-01-01 00:36:00+00:00,12.249349841966282,79.91828538934207,6.104741131313947,85.95977247658884,85.95977247658884
100000009,Synthetic Vessel 10,,2025-01-01 00:42:00+00:00,12.246442285119098,79.91403016917515,7.336077510499099,106.67092336415644,106.67092336415644
100000009,Synthetic Vessel 10,,2025-01-01 00:48:00+00:00,12.237284148911826,79.90438764786981,9.277731337358624,355.58006030497137,355.58006030497137
100000009,Synthetic Vessel 10,,2025-01-01 00:54:00+00:00,12.23497068185502,79.90798059352367,14.499611839502254,78.5713996314231,78.5713996314231
100000009,Synthetic Vessel 10,,2025-01-01 01:00:00+00:00,12.24069758214333,79.89976881356992,13.791183075621646,150.3290792825742,150.3290792825742
100000009,Synthetic Vessel 10,,2025-01-01 01:06:00+00:00,12.249592222589158,79.89911684379491,6.6703394609207525,220.8281001158548,220.8281001158548
100000009,Synthetic Vessel 10,,2025-01-01 01:12:00+00:00,12.259415595111896,79.89375027782258,11.496466489923684,339.38343868864524,339.38343868864524
100000009,Synthetic Vessel 10,,2025-01-01 01:18:00+00:00,12.261570331009471,79.8940040480429,6.765280320055083,83.04113221839313,83.04113221839313
100000009,Synthetic Vessel 10,,2025-01-01 01:24:00+00:00,12.255980055190877,79.8877328132858,8.501252591667301,280.6504104840312,280.6504104840312
100000009,Synthetic Vessel 10,,2025-01-01 01:30:00+00:00,12.247136908722144,79.89711486588861,14.27752283195213,318.16291858683326,318.16291858683326
100000009,Synthetic Vessel 10,,2025-01-01 01:36:00+00:00,12.257035065175073,79.890592770873,12.582384757040913,142.64712680495714,142.64712680495714
100000009,Synthetic Vessel 10,,2025-01-01 01:42:00+00:00,12.260955477536148,79.8836706889998,7.244405718366607,293.6999249966224,293.6999249966224
100000009,Synthetic Vessel 10,,2025-01-01 01:48:00+00:00,12.2554318298326,79.88441017745767,10.800862078378112,213.45837654301317,213.45837654301317
100000009,Synthetic Vessel 10,,2025-01-01 01:54:00+00:00,12.247261566580557,79.89195939471027,6.295149212828042,95.61601533193418,95.61601533193418
100000009,Synthetic Vessel 10,,2025-01-01 02:00:00+00:00,12.255036528177934,79.90107242467487,13.09516074724878,310.3659422155622,310.3659422155622
100000009,Synthetic Vessel 10,,2025-01-01 02:06:00+00:00,12.258141367790714,79.90208957208705,9.084532130706986,31.31523356810765,31.31523356810765
100000009,Synthetic Vessel 10,,2025-01-01 02:12:00+00:00,12.25559513813096,79.89728464776226,9.958757350787709,260.4312409278906,260.4312409278906
100000009,Synthetic Vessel 10,,2025-01-01 02:18:00+00:00,12.247216062449114,79.89168831180126,5.761308594903002,245.9731549174545,245.9731549174545
100000009,Synthetic Vessel 10,,2025-01-01 02:24:00+00:00,12.25424020073009,79.89159124234153,10.924077846595177,173.0111678375933,173.0111678375933
100000009,Synthetic Vessel 10,,2025-01-01 02:30:00+00:00,12.260733820048593,79.88854742649957,10.657319639957912,244.08581492126288,244.08581492126288
100000009,Synthetic Vessel 10,,2025-01-01 02:36:00+00:00,12.25607438545198,79.89612002622667,11.584518346584254,287.0733677784941,287.0733677784941
100000009,Synthetic Vessel 10,,2025-01-01 02:42:00+00:00,12.263086020033866,79.90346591024587,13.37013328363672,255.01067161741253,255.01067161741253
100000009,Synthetic Vessel 10,,2025-01-01 02:48:00+00:00,12.26703544926725,79.90706872568107,12.527166395576412,222.7000961574664,222.7000961574664
100000009,Synthetic Vessel 10,,2025-01-01 02:54:00+00:00,12.260207551373112,79.91468614086504,5.292472830345592,313.8636699882835,313.8636699882835
100000010,Synthetic Vessel 11,,2025-01-01 00:00:00+00:00,13.73103587821471,79.53330990007274,13.17967024119062,57.87356257739096,57.87356257739096
100000010,Synthetic Vessel 11,,2025-01-01 00:06:00+00:00,13.737678561773864,79.53345925474795,7.870381331749128,2.2989138180600888,2.2989138180600888
100000010,Synthetic Vessel 11,,2025-01-01 00:12:00+00:00,13.74001710014138,79.5430829783085,7.598035810641598,227.4528697260006,227.4528697260006
100000010,Synthetic Vessel 11,,2025-01-01 00:18:00+00:00,13.742697214203371,79.54388268590282,6.069806388269584,280.7443422544117,280.7443422544117
100000010,Synthetic Vessel 11,,2025-01-01 00:24:00+00:00,13.747917772253412,79.54470801747634,8.418721660386861,346.6771213892381,346.6771213892381
100000010,Synthetic Vessel 11,,2025-01-01 00:30:00+00:00,13.750570210116091,79.55334857958654,14.372284872364512,36.90350207664453,36.90350207664453
100000010,Synthetic Vessel 11,,2025-01-01 00:36:00+00:00,13.754327924562109,79.54470532076864,12.081720886452816,108.34688410085386,108.34688410085386
100000010,Synthetic Vessel 11,,2025-01-01 00:42:00+00:00,13.745674936591485,79.54634872997217,11.20915517767477,124.51790050306442,124.51790050306442
100000010,Synthetic Vessel 11,,2025-01-01 00:48:00+00:00,13.736589777267731,79.55377946609521,14.688778552856917,350.4560289038629,350.4560289038629
100000010,Synthetic Vessel 11,,2025-01-01 00:54:00+00:00,13.74158281390259,79.54638119089782,5.245869164588015,272.9747505344481,272.9747505344481
100000010,Synthetic Vessel 11,,2025-01-01 01:00:00+00:00,13.73202528493317,79.54285339528082,12.704074178077931,175.91154854567966,175.91154854567966
100000010,Synthetic Vessel 11,,2025-01-01 01:06:00+00:00,13.7356911924653,79.54177144940834,14.971245001577111,98.50559986139972,98.50559986139972
100000010,Synthetic Vessel 11,,2025-01-01 01:12:00+00:00,13.73421481851002,79.54079918989494,12.948095487499296,58.9045756290009,58.9045756290009
100000010,Synthetic Vessel 11,,2025-01-01 01:18:00+00:00,13.73808846302565,79.53521458215072,11.80499302074713,29.65717642170337,29.65717642170337
100000010,Synthetic Vessel 11,,2025-01-01 01:24:00+00:00,13.741178687311272,79.53067977269068,6.510578917809003,342.3108824101477,342.3108824101477
100000010,Synthetic Vessel 11,,2025-01-01 01:30:00+00:00,13.739825383332125,79.53955209109402,11.385259476640854,151.10183409340402,151.10183409340402
100000010,Synthetic Vessel 11,,2025-01-01 01:36:00+00:00,13.73777727129138,79.53503639514099,9.09334006315043,354.2319532655381,354.2319532655381
100000010,Synthetic Vessel 11,,2025-01-01 01:42:00+00:00,13.745659255364965,79.52963548725882,5.311340828845114,76.71769344903,76.71769344903
100000010,Synthetic Vessel 11,,2025-01-01 01:48:00+00:00,13.74869259187248,79.52700601413329,9.732099066915572,311.1689699422693,311.1689699422693
100000010,Synthetic Vessel 11,,2025-01-01 01:54:00+00:00,13.758056460430774,79.52071652444735,12.765968527917416,312.7043404640199,312.7043404640199
100000010,Synthetic Vessel 11,,2025-01-01 02:00:00+00:00,13.763474897323656,79.52761218900969,11.262203216314154,273.9686367394796,273.9686367394796
100000010,Synthetic Vessel 11,,2025-01-01 02:06:00+00:00,13.756099794877304,79.51826271259951,11.16650314520738,331.5052252136473,331.5052252136473
100000010,Synthetic Vessel 11,,2025-01-01 02:12:00+00:00,13.762030540696829,79.51789315962976,6.251857922025504,42.23094802646201,42.23094802646201
100000010,Synthetic Vessel 11,,2025-01-01 02:18:00+00:00,13.765741846441406,79.51649927752776,9.91594546741437,72.18890161212121,72.18890161212121
100000010,Synthetic Vessel 11,,2025-01-01 02:24:00+00:00,13.757026025182908,79.51813870556605,12.975591006371882,96.83762559663516,96.83762559663516
100000010,Synthetic Vessel 11,,2025-01-01 02:30:00+00:00,13.75323326436138,79.51724310854767,5.724468877945589,4.183394366916229,4.183394366916229
100000010,Synthetic Vessel 11,,2025-01-01 02:36:00+00:00,13.751083135489512,79.51684188524202,7.916625787093032,216.00739732294932,216.00739732294932
100000010,Synthetic Vessel 11,,2025-01-01 02:42:00+00:00,13.754982773212044,79.5240443331858,5.396188253483572,280.74635600160593,280.74635600160593
100000010,Synthetic Vessel 11,,2025-01-01 02:48:00+00:00,13.7545929121572,79.51614293675416,14.866625932671464,87.13620571050988,87.13620571050988
100000010,Synthetic Vessel 11,,2025-01-01 02:54:00+00:00,13.74744282301523,79.51612069982319,12.02464970544104,222.5360643545229,222.5360643545229
100000011,Synthetic Vessel 12,,2025-01-01 00:00:00+00:00,13.198526593138707,79.29059592770606,8.506269312091808,31.63193969214001,31.63193969214001
100000011,Synthetic Vessel 12,,2025-01-01 00:06:00+00:00,13.189190655314537,79.28216749764917,6.327157540430603,142.8923794325746,142.8923794325746
100000011,Synthetic Vessel 12,,2025-01-01 00:12:00+00:00,13.190541472279769,79.28595679703191,7.001502442448101,288.2112116792698,288.2112116792698
100000011,Synthetic Vessel 12,,2025-01-01 00:18:00+00:00,13.18389112392495,79.2780481538386,12.064757264869012,229.1148898357092,229.1148898357092
100000011,Synthetic Vessel 12,,2025-01-01 00:24:00+00:00,13.174522846821462,79.28677239876347,10.412963353010705,18.70966211453007,18.70966211453007
100000011,Synthetic Vessel 12,,2025-01-01 00:30:00+00:00,13.17870405721048,79.2941917812384,13.01728083069792,257.071295567674,257.071295567674
100000011,Synthetic Vessel 12,,2025-01-01 00:36:00+00:00,13.175493061061337,79.30048828351333,13.948166560605276,28.84134469848305,28.84134469848305
100000011,Synthetic Vessel 12,,2025-01-01 00:42:00+00:00,13.176444908584411,79.30683423891259,11.435776951965249,162.83458242658804,162.83458242658804
100000011,Synthetic Vessel 12,,2025-01-01 00:48:00+00:00,13.176972961803134,79.3114660293477,5.603520839905638,29.38679353101225,29.38679353101225
100000011,Synthetic Vessel 12,,2025-01-01 00:54:00+00:00,13.171915026483337,79.30465692294996,7.192139873580443,313.8420839731926,313.8420839731926
100000011,Synthetic Vessel 12,,2025-01-01 01:00:00+00:00,13.18143233159972,79.30139483878538,12.89698507142479,65.56244964793174,65.56244964793174
100000011,Synthetic Vessel 12,,2025-01-01 01:06:00+00:00,13.184606487109736,79.30135875311444,12.19201778272264,199.93087833754728,199.93087833754728
100000011,Synthetic Vessel 12,,2025-01-01 01:12:00+00:00,13.179175581936365,79.31128543143558,11.50325686346937,350.9255383728419,350.9255383728419
100000011,Synthetic Vessel 12,,2025-01-01 01:18:00+00:00,13.173166430954948,79.31488999628421,5.306525022058061,25.991427232503305,25.991427232503305
100000011,Synthetic Vessel 12,,2025-01-01 01:24:00+00:00,13.16832008872517,79.31414245541899,12.27169069766308,312.578101947017,312.578101947017
100000011,Synthetic Vessel 12,,2025-01-01 01:30:00+00:00,13.173174219149171,79.31265232210795,8.710387629846027,124.53659731690664,124.53659731690664
100000011,Synthetic Vessel 12,,2025-01-01 01:36:00+00:00,13.182927210423893,79.3034545059362,10.786754085723937,312.13133860408146,312.13133860408146
100000011,Synthetic Vessel 12,,2025-01-01 01:42:00+00:00,13.181699518807685,79.3079596591445,13.734232380816604,175.20081891289303,175.20081891289303
100000011,Synthetic Vessel 12,,2025-01-01 01:48:00+00:00,13.18971355608791,79.30639407768197,10.923503285933622,99.65800700461855,99.65800700461855
100000011,Synthetic Vessel 12,,2025-01-01 01:54:00+00:00,13.197960823000242,79.30060732146208,11.315602200925206,224.2679700828538,224.2679700828538
100000011,Synthetic Vessel 12,,2025-01-01 02:00:00+00:00,13.202623083448549,79.29323867516463,14.09032520665641,257.69698728555187,257.69698728555187
100000011,Synthetic Vessel 12,,2025-01-01 02:06:00+00:00,13.196216745625954,79.28798954166311,6.809769527094898,349.70223385499025,349.70223385499025
100000011,Synthetic Vessel 12,,2025-01-01 02:12:00+00:00,13.203304447493345,79.28783509879207,13.707499012725114,89.00318678514374,89.00318678514374
100000011,Synthetic Vessel 12,,2025-01-01 02:18:00+00:00,13.202210552593398,79.28813144587066,10.929508514349276,129.32401298391565,129.32401298391565
100000011,Synthetic Vessel 12,,2025-01-01 02:24:00+00:00,13.195481030045098,79.28595307660369,7.581334327011275,348.9884360407035,348.9884360407035
100000011,Synthetic Vessel 12,,2025-01-01 02:30:00+00:00,13.198615763335924,79.28245687788818,6.308736607183498,278.45032524717624,278.45032524717624
100000011,Synthetic Vessel 12,,2025-01-01 02:36:00+00:00,13.208012184237496,79.28153266871585,5.734967473300126,84.97816680472702,84.97816680472702
100000011,Synthetic Vessel 12,,2025-01-01 02:42:00+00:00,13.201407342339245,79.28192814768697,13.288833658826094,121.32114351526307,121.32114351526307
100000011,Synthetic Vessel 12,,2025-01-01 02:48:00+00:00,13.20002509281248,79.27690243313872,12.067772168854455,222.1721951774508,222.1721951774508
100000011,Synthetic Vessel 12,,2025-01-01 02:54:00+00:00,13.1933659309705,79.27025481746448,12.364020150656405,13.201713696075467,13.201713696075467
100000012,Synthetic Vessel 13,,2025-01-01 00:00:00+00:00,13.417192464222994,80.22607515455864,13.682712805132589,210.7275711828308,210.7275711828308
100000012,Synthetic Vessel 13,,2025-01-01 00:06:00+00:00,13.41130928842373,80.2183135469466,5.570868560893149,97.10986014611626,97.10986014611626
100000012,Synthetic Vessel 13,,2025-01-01 00:12:00+00:00,13.411932678983751,80.2270456607925,6.221099140100268,14.163674640663473,14.163674640663473
100000012,Synthetic Vessel 13,,2025-01-01 00:18:00+00:00,13.41097665954942,80.23572316114306,10.072348086883924,113.8161977916302,113.8161977916302
100000012,Synthetic Vessel 13,,2025-01-01 00:24:00+00:00,13.401808116730429,80.2286900251623,14.651186964360456,355.1868442651849,355.1868442651849
100000012,Synthetic Vessel 13,,2025-01-01 00:30:00+00:00,13.391906916349114,80.23772626087076,13.67918294520022,230.0831776135801,230.0831776135801
100000012,Synthetic Vessel 13,,2025-01-01 00:36:00+00:00,13.391001713461792,80.23803818144235,11.668642575461044,175.98476889249127,175.98476889249127
100000012,Synthetic Vessel 13,,2025-01-01 00:42:00+00:00,13.38379473855692,80.2286376532398,12.046807627366467,110.85477897282873,110.85477897282873
100000012,Synthetic Vessel 13,,2025-01-01 00:48:00+00:00,13.377831807599378,80.2321063019063,5.939007157894184,349.1683365986174,349.1683365986174
100000012,Synthetic Vessel 13,,2025-01-01 00:54:00+00:00,13.38128384996388,80.23098130629239,6.771497894473859,312.5312115759019,312.5312115759019
100000012,Synthetic Vessel 13,,2025-01-01 01:00:00+00:00,13.385136369008404,80.23774361208535,11.83248028289646,340.0611190106484,340.0611190106484
100000012,Synthetic Vessel 13,,2025-01-01 01:06:00+00:00,13.385079864288572,80.24010055688937,10.706097466388297,312.80579441233857,312.80579441233857
100000012,Synthetic Vessel 13,,2025-01-01 01:12:00+00:00,13.37568760548251,80.24871953079952,11.765133857772463,248.229630371362,248.229630371362
100000012,Synthetic Vessel 13,,2025-01-01 01:18:00+00:00,13.370001108530465,80.25189724020417,11.51232977041492,141.79118603549705,141.79118603549705
100000012,Synthetic Vessel 13,,2025-01-01 01:24:00+00:00,13.362132969136622,80.25505414629623,5.48212038860556,359.78894127744,359.78894127744
100000012,Synthetic Vessel 13,,2025-01-01 01:30:00+00:00,13.371676452821047,80.2531923055107,12.823854840582737,313.4712421214133,313.4712421214133
100000012,Synthetic Vessel 13,,2025-01-01 01:36:00+00:00,13.373016778040782,80.25796128969571,9.041403216510329,316.26560206848524,316.26560206848524
100000012,Synthetic Vessel 13,,2025-01-01 01:42:00+00:00,13.369557441272049,80.26131315740699,12.622851347766158,290.8245390988531,290.8245390988531
100000012,Synthetic Vessel 13,,2025-01-01 01:48:00+00:00,13.37551371424922,80.26002482370325,6.202090553706085,294.4203178230078,294.4203178230078
100000012,Synthetic Vessel 13,,2025-01-01 01:54:00+00:00,13.376403496208436,80.2501399969132,8.66461534871398,116.85089876409732,116.85089876409732
100000012,Synthetic Vessel 13,,2025-01-01 02:00:00+00:00,13.37432695004062,80.25404934104701,9.486936226225309,139.88091645732447,139.88091645732447
100000012,Synthetic Vessel 13,,2025-01-01 02:06:00+00:00,13.369077832658109,80.2515143768796,5.731959237684436,81.81706581473453,81.81706581473453
100000012,Synthetic Vessel 13,,2025-01-01 02:12:00+00:00,13.371146804525734,80.2548786328507,9.634940438005724,223.0165245634612,223.0165245634612
100000012,Synthetic Vessel 13,,2025-01-01 02:18:00+00:00,13.368742520129318,80.26214530584214,9.79181877629731,186.8694426490385,186.8694426490385
100000012,Synthetic Vessel 13,,2025-01-01 02:24:00+00:00,13.359255361445449,80.25897026239467,8.988227808969004,136.87042276290853,136.87042276290853
100000012,Synthetic Vessel 13,,2025-01-01 02:30:00+00:00,13.360858808829994,80.25964231332921,12.648832615421282,218.8458334056401,218.8458334056401
100000012,Synthetic Vessel 13,,2025-01-01 02:36:00+00:00,13.367118523604317,80.26400477485375,5.182325826763616,343.9885305437765,343.9885305437765
100000012,Synthetic Vessel 13,,2025-01-01 02:42:00+00:00,13.361034083317984,80.25415603235331,13.98030548949987,233.09089709565708,233.09089709565708
100000012,Synthetic Vessel 13,,2025-01-01 02:48:00+00:00,13.355903729249512,80.26269672324923,14.344360268055144,21.696260504241906,21.696260504241906
100000012,Synthetic Vessel 13,,2025-01-01 02:54:00+00:00,13.352936182994304,80.25472513981822,7.567765677205079,174.91383330707723,174.91383330707723
100000013,Synthetic Vessel 14,,2025-01-01 00:00:00+00:00,12.6585063218805,79.88606315538608,11.103337833109183,112.07077169616132,112.07077169616132
100000013,Synthetic Vessel 14,,2025-01-01 00:06:00+00:00,12.662829335364965,79.88151563540076,6.218860933369475,148.87767654912653,148.87767654912653
100000013,Synthetic Vessel 14,,2025-01-01 00:12:00+00:00,12.656452322355658,79.88513799248005,10.2516338366706,65.3178051704257,65.3178051704257
100000013,Synthetic Vessel 14,,2025-01-01 00:18:00+00:00,12.660633247590107,79.87727553094194,7.565627837013638,204.2323990664053,204.2323990664053
100000013,Synthetic Vessel 14,,2025-01-01 00:24:00+00:00,12.669891785094858,79.87694644387635,10.502265421562615,290.15731791905694,290.15731791905694
100000013,Synthetic Vessel 14,,2025-01-01 00:30:00+00:00,12.660760035751954,79.87960947138824,11.016118201463312,342.50520319439653,342.50520319439653
100000013,Synthetic Vessel 14,,2025-01-01 00:36:00+00:00,12.66714381294049,79.8872936006552,7.1204483990822665,82.10871790161569,82.10871790161569
100000013,Synthetic Vessel 14,,2025-01-01 00:42:00+00:00,12.669363432717509,79.88551417005134,14.000231233980111,302.3500690320193,302.3500690320193
100000013,Synthetic Vessel 14,,2025-01-01 00:48:00+00:00,12.666431860303565,79.88025158123082,7.74806035548136,280.9891854877903,280.9891854877903
100000013,Synthetic Vessel 14,,2025-01-01 00:54:00+00:00,12.672884146673836,79.8787263463038,5.955353138346682,240.31796374492936,240.31796374492936
100000013,Synthetic Vessel 14,,2025-01-01 01:00:00+00:00,12.675361333167366,79.87776169987853,6.680142077448634,211.1790467431707,211.1790467431707
100000013,Synthetic Vessel 14,,2025-01-01 01:06:00+00:00,12.68009880806625,79.8850176414294,5.957145555201617,78.02632803267923,78.02632803267923
100000013,Synthetic Vessel 14,,2025-01-01 01:12:00+00:00,12.670571579787175,79.88785707143826,10.4669741271407,218.5538529919611,218.5538529919611
100000013,Synthetic Vessel 14,,2025-01-01 01:18:00+00:00,12.665210521709495,79.88567519135637,9.967668588591694,214.01148066702228,214.01148066702228
100000013,Synthetic Vessel 14,,2025-01-01 01:24:00+00:00,12.674966232113793,79.8784039864075,9.04318768104292,250.25203945713375,250.25203945713375
100000013,Synthetic Vessel 14,,2025-01-01 01:30:00+00:00,12.673530224412303,79.88275594172067,14.912559937021882,249.27701447677308,249.27701447677308
100000013,Synthetic Vessel 14,,2025-01-01 01:36:00+00:00,12.666098110201387,79.87483813470836,10.78386917006409,260.7619741663468,260.7619741663468
100000013,Synthetic Vessel 14,,2025-01-01 01:42:00+00:00,12.661581323532584,79.86642652208813,13.941908746641182,30.836969854714997,30.836969854714997
100000013,Synthetic Vessel 14,,2025-01-01 01:48:00+00:00,12.65541867002696,79.86289395333044,8.549963058319374,81.59630480171569,81.59630480171569
100000013,Synthetic Vessel 14,,2025-01-01 01:54:00+00:00,12.646807146881882,79.8632751491486,13.003565078223616,24.340522893197367,24.340522893197367
100000013,Synthetic Vessel 14,,2025-01-01 02:00:00+00:00,12.64148138852009,79.86407538744069,11.50877369047194,316.82847152212497,316.82847152212497
100000013,Synthetic Vessel 14,,2025-01-01 02:06:00+00:00,12.642140544251117,79.860562062503,11.6948695519819,119.88068870095124,119.88068870095124
100000013,Synthetic Vessel 14,,2025-01-01 02:12:00+00:00,12.65202333147554,79.8637988463,12.30650510239246,200.80203025320893,200.80203025320893
100000013,Synthetic Vessel 14,,2025-01-01 02:18:00+00:00,12.651327443721216,79.85500169315202,14.5762528450538,202.42685371604756,202.42685371604756
100000013,Synthetic Vessel 14,,2025-01-01 02:24:00+00:00,12.644833502568368,79.85880179096843,10.358276844730812,72.33612791726033,72.33612791726033
100000013,Synthetic Vessel 14,,2025-01-01 02:30:00+00:00,12.636767031561302,79.8578092096936,8.475715242389821,272.2187984022886,272.2187984022886
100000013,Synthetic Vessel 14,,2025-01-01 02:36:00+00:00,12.640065266051046,79.86371820890939,7.346420818554535,333.78401501260294,333.78401501260294
100000013,Synthetic Vessel 14,,2025-01-01 02:42:00+00:00,12.638051584367233,79.856766529176,14.270009679242952,357.2940607770151,357.2940607770151
100000013,Synthetic Vessel 14,,2025-01-01 02:48:00+00:00,12.638850726972844,79.86360719506352,11.235856880027598,187.5448718179352,187.5448718179352
100000013,Synthetic Vessel 14,,2025-01-01 02:54:00+00:00,12.630633215615164,79.86871260347345,13.260676302525283,45.976854108684535,45.976854108684535
100000014,Synthetic Vessel 15,,2025-01-01 00:00:00+00:00,13.637479382951268,80.68425196260488,8.60136407471519,94.72052516790345,94.72052516790345
100000014,Synthetic Vessel 15,,2025-01-01 00:06:00+00:00,13.629232237886544,80.6929911190655,8.055243106580235,199.36880665645543,199.36880665645543
100000014,Synthetic Vessel 15,,2025-01-01 00:12:00+00:00,13.62717186822803,80.69193516987559,10.156794276964977,216.21396000982224,216.21396000982224
100000014,Synthetic Vessel 15,,2025-01-01 00:18:00+00:00,13.63555970769232,80.6918744395337,13.514249577450958,357.17688533639256,357.17688533639256
100000014,Synthetic Vessel 15,,2025-01-01 00:24:00+00:00,13.629729917979466,80.70048634382658,13.174497084911916,41.89190323877139,41.89190323877139
100000014,Synthetic Vessel 15,,2025-01-01 00:30:00+00:00,13.627342383848998,80.70804583023549,13.059254001176212,312.50040843868214,312.50040843868214
100000014,Synthetic Vessel 15,,2025-01-01 00:36:00+00:00,13.633142992575138,80.70413941301746,9.029801787651614,29.130941898450786,29.130941898450786
100000014,Synthetic Vessel 15,,2025-01-01 00:42:00+00:00,13.626613482874868,80.70803843479551,14.756102008599148,124.5959015536028,124.5959015536028
100000014,Synthetic Vessel 15,,2025-01-01 00:48:00+00:00,13.629432924421774,80.7144880460682,13.620144822726225,47.70888218706544,47.70888218706544
100000014,Synthetic Vessel 15,,2025-01-01 00:54:00+00:00,13.637888068232042,80.71422928444457,12.648098009029956,218.25105759035188,218.25105759035188
100000014,Synthetic Vessel 15,,2025-01-01 01:00:00+00:00,13.631384840777253,80.71428060597384,6.463739921622491,143.51868999803273,143.51868999803273
100000014,Synthetic Vessel 15,,2025-01-01 01:06:00+00:00,13.628735529223082,80.70564405216155,6.351662891548227,9.292286501815315,9.292286501815315
100000014,Synthetic Vessel 15,,2025-01-01 01:12:00+00:00,13.637997831454866,80.70663464287945,9.32497878330132,347.6959780151592,347.6959780151592
100000014,Synthetic Vessel 15,,2025-01-01 01:18:00+00:00,13.634234154116571,80.70675748013626,6.05664684261744,158.22420790784764,158.22420790784764
100000014,Synthetic Vessel 15,,2025-01-01 01:24:00+00:00,13.637050680410375,80.70107824378645,11.502010923981532,223.05166376321864,223.05166376321864
100000014,Synthetic Vessel 15,,2025-01-01 01:30:00+00:00,13.630091177472949,80.69230523632866,9.598004237693202,281.0741709846384,281.0741709846384
100000014,Synthetic Vessel 15,,2025-01-01 01:36:00+00:00,13.621254453383058,80.70220256267206,11.950352288585531,20.80100195869199,20.80100195869199
100000014,Synthetic Vessel 15,,2025-01-01 01:42:00+00:00,13.630928031888326,80.69698616475638,6.2138493942242885,51.20977272739062,51.20977272739062
100000014,Synthetic Vessel 15,,2025-01-01 01:48:00+00:00,13.626993534839675,80.6890070809766,5.622917981300627,249.17808300988747,249.17808300988747
100000014,Synthetic Vessel 15,,2025-01-01 01:54:00+00:00,13.627181977402673,80.69894101805366,11.152194382310109,293.0292970221668,293.0292970221668
100000014,Synthetic Vessel 15,,2025-01-01 02:00:00+00:00,13.623307049818406,80.7014189347795,9.260833838903714,189.73492700819455,189.73492700819455
100000014,Synthetic Vessel 15,,2025-01-01 02:06:00+00:00,13.61592125735321,80.7091510190843,6.946225118207651,161.9224735756761,161.9224735756761
100000014,Synthetic Vessel 15,,2025-01-01 02:12:00+00:00,13.613276444370754,80.70743361413489,12.336143805614022,297.9136424040747,297.9136424040747
100000014,Synthetic Vessel 15,,2025-01-01 02:18:00+00:00,13.61866254224358,80.69765423942346,9.813441516353237,149.81543934471415,149.81543934471415
100000014,Synthetic Vessel 15,,2025-01-01 02:24:00+00:00,13.609046387780042,80.69285050359836,6.37109705728999,273.7043363239686,273.7043363239686
100000014,Synthetic Vessel 15,,2025-01-01 02:30:00+00:00,13.609752590409094,80.68715454103871,7.412014575995415,4.363478871801578,4.363478871801578
100000014,Synthetic Vessel 15,,2025-01-01 02:36:00+00:00,13.619270065507296,80.69318528327636,9.878540439263624,345.447591955572,345.447591955572
100000014,Synthetic Vessel 15,,2025-01-01 02:42:00+00:00,13.611464789480848,80.69414447305584,13.44357082739616,163.5758404415859,163.5758404415859
100000014,Synthetic Vessel 15,,2025-01-01 02:48:00+00:00,13.603426441096532,80.69390929579627,8.2467592689006,54.01751928983433,54.01751928983433
100000014,Synthetic Vessel 15,,2025-01-01 02:54:00+00:00,13.60817358264429,80.69342965838365,8.944762785700354,135.31978265247696,135.31978265247696
100000015,Synthetic Vessel 16,,2025-01-01 00:00:00+00:00,13.009435230590778,80.8498397814042,8.154068957480128,283.2852190519062,283.2852190519062
100000015,Synthetic Vessel 16,,2025-01-01 00:06:00+00:00,13.01319792471251,80.8485918438853,13.408715794259226,91.68142393657844,91.68142393657844
100000015,Synthetic Vessel 16,,2025-01-01 00:12:00+00:00,13.003966451691756,80.85662708372801,11.372014768082805,166.1318872649043,166.1318872649043
100000015,Synthetic Vessel 16,,2025-01-01 00:18:00+00:00,13.007153530135872,80.86452943854215,11.139335847600618,229.20108558019464,229.20108558019464
100000015,Synthetic Vessel 16,,2025-01-01 00:24:00+00:00,12.998486570947083,80.86489759898106,12.374337687214856,54.060840294135,54.060840294135
100000015,Synthetic Vessel 16,,2025-01-01 00:30:00+00:00,12.998731009363338,80.86850215456522,5.847920160458032,15.002244216858337,15.002244216858337
100000015,Synthetic Vessel 16,,2025-01-01 00:36:00+00:00,13.003057477124592,80.8599438412852,5.1210847523488745,25.652421995493096,25.652421995493096
100000015,Synthetic Vessel 16,,2025-01-01 00:42:00+00:00,13.012187505090582,80.86469400847439,7.965355812876552,127.17050706074308,127.17050706074308
100000015,Synthetic Vessel 16,,2025-01-01 00:48:00+00:00,13.0091815696855,80.87018707909802,6.851955678674679,238.0934199853492,238.0934199853492
100000015,Synthetic Vessel 16,,2025-01-01 00:54:00+00:00,13.00266375639218,80.86215499209229,12.64372662221736,237.7089790924817,237.7089790924817
100000015,Synthetic Vessel 16,,2025-01-01 01:00:00+00:00,12.99796468495868,80.8525738913129,14.678600348450304,29.581800291513844,29.581800291513844
100000015,Synthetic Vessel 16,,2025-01-01 01:06:00+00:00,12.99387358050823,80.85795835426967,8.819396396528958,224.87888478753496,224.87888478753496
100000015,Synthetic Vessel 16,,2025-01-01 01:12:00+00:00,12.987987325752142,80.85038608263285,12.74633780637788,221.404668493992,221.404668493992
100000015,Synthetic Vessel 16,,2025-01-01 01:18:00+00:00,12.990865410822964,80.85099212529784,14.68488777594384,15.102440435389056,15.102440435389056
100000015,Synthetic Vessel 16,,2025-01-01 01:24:00+00:00,12.996839694656057,80.84684856603185,11.018815896363222,352.7893185691862,352.7893185691862
100000015,Synthetic Vessel 16,,2025-01-01 01:30:00+00:00,12.998488147820202,80.85181002962044,11.564786073315029,292.23712371244955,292.23712371244955
100000015,Synthetic Vessel 16,,2025-01-01 01:36:00+00:00,12.991050062747526,80.84857537974032,7.246156118438519,334.1101105173779,334.1101105173779
100000015,Synthetic Vessel 16,,2025-01-01 01:42:00+00:00,12.988493403224275,80.84721691739921,11.129395824945256,158.1857962900028,158.1857962900028
100000015,Synthetic Vessel 16,,2025-01-01 01:48:00+00:00,12.99735491997917,80.84203077163586,6.974704898599374,43.7404954683305,43.7404954683305
100000015,Synthetic Vessel 16,,2025-01-01 01:54:00+00:00,13.005093417983357,80.84494698788896,13.159469389686173,102.92644412609764,102.92644412609764
100000015,Synthetic Vessel 16,,2025-01-01 02:00:00+00:00,13.012320817910624,80.85187727466277,7.522410201733615,330.8135521102396,330.8135521102396
100000015,Synthetic Vessel 16,,2025-01-01 02:06:00+00:00,13.01742165648555,80.85108806460825,12.284906771616132,303.11947904042216,303.11947904042216
100000015,Synthetic Vessel 16,,2025-01-01 02:12:00+00:00,13.022950605415543,80.85421130136187,10.450269188969385,63.87435700909448,63.87435700909448
100000015,Synthetic Vessel 16,,2025-01-01 02:18:00+00:00,13.032644000206034,80.86295906269181,6.648148157294371,15.5425448869242,15.5425448869242
100000015,Synthetic Vessel 16,,2025-01-01 02:24:00+00:00,13.025278575675124,80.86747866089152,7.135113663106719,294.4027187485002,294.4027187485002
100000015,Synthetic Vessel 16,,2025-01-01 02:30:00+00:00,13.02539562953416,80.87429272145175,10.422372054918483,263.8085561158502,263.8085561158502
100000015,Synthetic Vessel 16,,2025-01-01 02:36:00+00:00,13.027202583343335,80.87445993239008,10.65021992859016,107.1174424747754,107.1174424747754
100000015,Synthetic Vessel 16,,2025-01-01 02:42:00+00:00,13.030980289384338,80.88192639070729,12.61121537043158,229.0648874325293,229.0648874325293
100000015,Synthetic Vessel 16,,2025-01-01 02:48:00+00:00,13.02418172208343,80.88115754019569,7.46678864521623,3.3593831377535865,3.3593831377535865
100000015,Synthetic Vessel 16,,2025-01-01 02:54:00+00:00,13.02871095638569,80.89099373922268,9.014943158612883,35.704115851397724,35.704115851397724
100000016,Synthetic Vessel 17,,2025-01-01 00:00:00+00:00,13.683943636384369,79.6834326951784,6.880247346154161,221.75476209366445,221.75476209366445
100000016,Synthetic Vessel 17,,2025-01-01 00:06:00+00:00,13.681051327758082,79.68910853086811,5.052296135429128,199.521545087526,199.521545087526
100000016,Synthetic Vessel 17,,2025-01-01 00:12:00+00:00,13.686271142958644,79.67981475796691,7.024805601652374,268.4641617832436,268.4641617832436
100000016,Synthetic Vessel 17,,2025-01-01 00:18:00+00:00,13.695432612561032,79.67717357299296,6.488880503324447,117.69538188170849,117.69538188170849
100000016,Synthetic Vessel 17,,2025-01-01 00:24:00+00:00,13.691544696870835,79.68470658822952,8.683095305068484,358.68036154580903,358.68036154580903
100000016,Synthetic Vessel 17,,2025-01-01 00:30:00+00:00,13.690516909489926,79.68914800699358,10.93044334186784,319.03048096742685,319.03048096742685
100000016,Synthetic Vessel 17,,2025-01-01 00:36:00+00:00,13.688347423453482,79.68740044381055,5.032182636042787,250.4225327388505,250.4225327388505
100000016,Synthetic Vessel 17,,2025-01-01 00:42:00+00:00,13.69073921020268,79.68451030401937,5.929906398231322,285.91103925975034,285.91103925975034
100000016,Synthetic Vessel 17,,2025-01-01 00:48:00+00:00,13.692503255541649,79.68412976181709,5.648535944829684,231.23718932588187,231.23718932588187
100000016,Synthetic Vessel 17,,2025-01-01 00:54:00+00:00,13.69410293129021,79.68535945357628,11.034876665964548,201.83763398982157,201.83763398982157
100000016,Synthetic Vessel 17,,2025-01-01 01:00:00+00:00,13.697632290034738,79.6914592335699,13.25049410180062,97.13545924615715,97.13545924615715
100000016,Synthetic Vessel 17,,2025-01-01 01:06:00+00:00,13.697597403680009,79.68300039915259,8.342383186960607,21.07833452783251,21.07833452783251
100000016,Synthetic Vessel 17,,2025-01-01 01:12:00+00:00,13.703295343222235,79.6871540178474,10.172690564416094,283.9013872820663,283.9013872820663
100000016,Synthetic Vessel 17,,2025-01-01 01:18:00+00:00,13.702099323181343,79.68010306838153,9.340193661738752,118.14939129935216,118.14939129935216
100000016,Synthetic Vessel 17,,2025-01-01 01:24:00+00:00,13.693871331774938,79.67451530743575,12.356631142391898,215.361105862946,215.361105862946
100000016,Synthetic Vessel 17,,2025-01-01 01:30:00+00:00,13.703838282002796,79.68317757406263,9.21248053294072,231.32347183266896,231.32347183266896
100000016,Synthetic Vessel 17,,2025-01-01 01:36:00+00:00,13.706561829296962,79.68889060642422,9.099048896962882,42.60102873241944,42.60102873241944
100000016,Synthetic Vessel 17,,2025-01-01 01:42:00+00:00,13.713357875009676,79.68656726546288,10.877693608621982,205.8740176417872,205.8740176417872
100000016,Synthetic Vessel 17,,2025-01-01 01:48:00+00:00,13.707047400072348,79.68381197429593,5.261967085320648,120.42406394709558,120.42406394709558
100000016,Synthetic Vessel 17,,2025-01-01 01:54:00+00:00,13.697531235350176,79.69044591516945,10.180787662388155,98.30549159021248,98.30549159021248
100000016,Synthetic Vessel 17,,2025-01-01 02:00:00+00:00,13.69350574682195,79.69925950007176,9.296568127389351,93.34683319167854,93.34683319167854
100000016,Synthetic Vessel 17,,2025-01-01 02:06:00+00:00,13.70096035183164,79.7060981714076,13.026433097957105,66.99651042465983,66.99651042465983
100000016,Synthetic Vessel 17,,2025-01-01 02:12:00+00:00,13.7001240895664,79.7057575488493,5.806015137571246,48.05279006973976,48.05279006973976
100000016,Synthetic Vessel 17,,2025-01-01 02:18:00+00:00,13.704682875705874,79.70568677189641,12.295082286523968,157.26625294146464,157.26625294146464
100000016,Synthetic Vessel 17,,2025-01-01 02:24:00+00:00,13.709993133685696,79.6988649352498,6.353540822776855,219.68105381195087,219.68105381195087
100000016,Synthetic Vessel 17,,2025-01-01 02:30:00+00:00,13.715020635406278,79.70200403837515,5.689580163564212,344.38126359004485,344.38126359004485
100000016,Synthetic Vessel 17,,2025-01-01 02:36:00+00:00,13.706161729829304,79.69764777986902,7.469787990719999,94.21404614492614,94.21404614492614
100000016,Synthetic Vessel 17,,2025-01-01 02:42:00+00:00,13.714286821439725,79.69263870386601,12.593982624179638,97.90190140630716,97.90190140630716
100000016,Synthetic Vessel 17,,2025-01-01 02:48:00+00:00,13.713281618288734,79.69817291500512,9.875711936733843,23.53181672317869,23.53181672317869
100000016,Synthetic Vessel 17,,2025-01-01 02:54:00+00:00,13.7039538902924,79.68942597907423,6.392453711175952,326.31748320398793,326.31748320398793
100000017,Synthetic Vessel 18,,2025-01-01 00:00:00+00:00,13.144488231075613,80.10088787211515,11.637896861755893,7.85642283917622,7.85642283917622
100000017,Synthetic Vessel 18,,2025-01-01 00:06:00+00:00,13.153756119759882,80.10209123578439,5.522578792860237,337.2560863319131,337.2560863319131
100000017,Synthetic Vessel 18,,2025-01-01 00:12:00+00:00,13.152131986141365,80.09729439160363,14.812970904972468,263.0955473930627,263.0955473930627
100000017,Synthetic Vessel 18,,2025-01-01 00:18:00+00:00,13.14726258739025,80.1003778836331,10.653302545716098,71.31514779350644,71.31514779350644
100000017,Synthetic Vessel 18,,2025-01-01 00:24:00+00:00,13.146541237124016,80.10981799022574,8.495063720868188,219.069818170728,219.069818170728
100000017,Synthetic Vessel 18,,2025-01-01 00:30:00+00:00,13.138823152821775,80.10284292680043,7.50966661340298,81.11409478244464,81.11409478244464
100000017,Synthetic Vessel 18,,2025-01-01 00:36:00+00:00,13.1458354739786,80.10406738256609,6.147688718692175,188.42072809477196,188.42072809477196
100000017,Synthetic Vessel 18,,2025-01-01 00:42:00+00:00,13.153038267845588,80.10852366863026,12.078350972297686,24.36061028400057,24.36061028400057
100000017,Synthetic Vessel 18,,2025-01-01 00:48:00+00:00,13.15390903219244,80.10015817554519,9.84696287130047,164.98823095031634,164.98823095031634
100000017,Synthetic Vessel 18,,2025-01-01 00:54:00+00:00,13.147224522995709,80.10907213848519,11.690223373291085,305.9911337330383,305.9911337330383
100000017,Synthetic Vessel 18,,2025-01-01 01:00:00+00:00,13.146470434215718,80.10730744931688,10.454318694069055,234.3504481743435,234.3504481743435
100000017,Synthetic Vessel 18,,2025-01-01 01:06:00+00:00,13.137715896333356,80.10755750229228,9.59239877596958,290.30530220382224,290.30530220382224
100000017,Synthetic Vessel 18,,2025-01-01 01:12:00+00:00,13.12875502788444,80.11328306627996,7.586208348880388,72.49096156895078,72.49096156895078
100000017,Synthetic Vessel 18,,2025-01-01 01:18:00+00:00,13.122049154953087,80.10988736757739,10.193858595039371,272.4305420479086,272.4305420479086
100000017,Synthetic Vessel 18,,2025-01-01 01:24:00+00:00,13.116146780436102,80.11744396914042,13.70578425046007,316.6494677825505,316.6494677825505
100000017,Synthetic Vessel 18,,2025-01-01 01:30:00+00:00,13.110922704663732,80.11646875602405,12.720124763099903,354.596276210715,354.596276210715
100000017,Synthetic Vessel 18,,2025-01-01 01:36:00+00:00,13.101466053088243,80.10777284784926,14.092202058615602,167.0152956524398,167.0152956524398
100000017,Synthetic Vessel 18,,2025-01-01 01:42:00+00:00,13.102240089047298,80.10772909800994,11.56780104724294,37.97053198438701,37.97053198438701
100000017,Synthetic Vessel 18,,2025-01-01 01:48:00+00:00,13.108682152259302,80.1053374981601,14.644766539008115,279.2202663331179,279.2202663331179
100000017,Synthetic Vessel 18,,2025-01-01 01:54:00+00:00,13.102757481441856,80.10580409078399,12.928544190338393,103.3696649104472,103.3696649104472
100000017,Synthetic Vessel 18,,2025-01-01 02:00:00+00:00,13.10430934875948,80.108495739135,8.95970472662455,287.2490974617219,287.2490974617219
100000017,Synthetic Vessel 18,,2025-01-01 02:06:00+00:00,13.11261115012762,80.10915631647991,11.958991181688024,56.863736220725286,56.863736220725286
100000017,Synthetic Vessel 18,,2025-01-01 02:12:00+00:00,13.118476377136384,80.10549155002126,14.061432547657663,308.5845325195511,308.5845325195511
100000017,Synthetic Vessel 18,,2025-01-01 02:18:00+00:00,13.114014466883942,80.11516197947556,7.0201566840249,50.65615009755303,50.65615009755303
100000017,Synthetic Vessel 18,,2025-01-01 02:24:00+00:00,13.107698963668703,80.12304177367572,6.5210428322227285,235.54531883698627,235.54531883698627
100000017,Synthetic Vessel 18,,2025-01-01 02:30:00+00:00,13.10650543203607,80.12534773417713,13.824163684073389,30.047070596177985,30.047070596177985
100000017,Synthetic Vessel 18,,2025-01-01 02:36:00+00:00,13.1125775027449,80.12545186964866,9.177609792750996,348.1655814933014,348.1655814933014
100000017,Synthetic Vessel 18,,2025-01-01 02:42:00+00:00,13.122259709125627,80.12881026962474,6.65954895295785,228.4816583714189,228.4816583714189
100000017,Synthetic Vessel 18,,2025-01-01 02:48:00+00:00,13.129898264291722,80.12736006338315,5.12607519975759,58.40402608169257,58.40402608169257
100000017,Synthetic Vessel 18,,2025-01-01 02:54:00+00:00,13.13109337796449,80.1279080558256,13.90258053017802,258.9673040528971,258.9673040528971
100000018,Synthetic Vessel 19,,2025-01-01 00:00:00+00:00,12.235261408168013,80.74085652174388,10.407937549855443,294.8628649901962,294.8628649901962
100000018,Synthetic Vessel 19,,2025-01-01 00:06:00+00:00,12.23946626414048,80.73714352400755,13.216368977104716,169.62044361581326,169.62044361581326
100000018,Synthetic Vessel 19,,2025-01-01 00:12:00+00:00,12.238651568083943,80.73429948931405,13.282492524372184,177.91648101010796,177.91648101010796
100000018,Synthetic Vessel 19,,2025-01-01 00:18:00+00:00,12.235355729031362,80.72777472117677,13.259782127080818,256.3250473190811,256.3250473190811
100000018,Synthetic Vessel 19,,2025-01-01 00:24:00+00:00,12.227368478601832,80.7225722034319,8.479414115821665,51.10991631395781,51.10991631395781
100000018,Synthetic Vessel 19,,2025-01-01 00:30:00+00:00,12.22637549817994,80.72754873017116,11.209285674784311,234.4131305574027,234.4131305574027
100000018,Synthetic Vessel 19,,2025-01-01 00:36:00+00:00,12.223422997112134,80.73437768123286,14.791049380151543,169.66338026333923,169.66338026333923
100000018,Synthetic Vessel 19,,2025-01-01 00:42:00+00:00,12.226105839878048,80.72690297606415,8.25104015431699,243.42392234715624,243.42392234715624
100000018,Synthetic Vessel 19,,2025-01-01 00:48:00+00:00,12.22983238381177,80.7182957990274,13.557372589057865,62.95731738334538,62.95731738334538
100000018,Synthetic Vessel 19,,2025-01-01 00:54:00+00:00,12.22437597495224,80.72503662153225,11.428819100587075,100.53939184358777,100.53939184358777
100000018,Synthetic Vessel 19,,2025-01-01 01:00:00+00:00,12.228258986422436,80.72528971659516,7.126443763710961,109.91184361082328,109.91184361082328
100000018,Synthetic Vessel 19,,2025-01-01 01:06:00+00:00,12.218922773513686,80.72136864461997,14.383048184484826,235.1386045912619,235.1386045912619
100000018,Synthetic Vessel 19,,2025-01-01 01:12:00+00:00,12.226346863158946,80.72668994015068,11.649849034759953,283.8410435711875,283.8410435711875
100000018,Synthetic Vessel 19,,2025-01-01 01:18:00+00:00,12.221552600310266,80.7348338407648,10.6044063098044,241.46363228610025,241.46363228610025
100000018,Synthetic Vessel 19,,2025-01-01 01:24:00+00:00,12.213772389694537,80.73377495164092,13.6456360952267,165.72897763269347,165.72897763269347
100000018,Synthetic Vessel 19,,2025-01-01 01:30:00+00:00,12.214705354098292,80.73138296262033,6.107205933263157,351.6481182638374,351.6481182638374
100000018,Synthetic Vessel 19,,2025-01-01 01:36:00+00:00,12.213156322664531,80.72222345612376,14.180765521991509,266.36548347609494,266.36548347609494
100000018,Synthetic Vessel 19,,2025-01-01 01:42:00+00:00,12.20875706925554,80.72939028965973,14.107701616439153,105.1985629662832,105.1985629662832
100000018,Synthetic Vessel 19,,2025-01-01 01:48:00+00:00,12.213836307327476,80.73548842519656,14.62810357074026,6.48236001616362,6.48236001616362
100000018,Synthetic Vessel 19,,2025-01-01 01:54:00+00:00,12.218369727168882,80.73158344710428,7.8152119841492995,298.5820793491849,298.5820793491849
100000018,Synthetic Vessel 19,,2025-01-01 02:00:00+00:00,12.225824803960204,80.72383505491253,10.406984766449105,253.32695188588647,253.32695188588647
100000018,Synthetic Vessel 19,,2025-01-01 02:06:00+00:00,12.217755493364113,80.7186729314777,9.68767965464506,4.465453059833324,4.465453059833324
100000018,Synthetic Vessel 19,,2025-01-01 02:12:00+00:00,12.213780798579313,80.72064008116365,7.999191115069847,107.00561077510218,107.00561077510218
100000018,Synthetic Vessel 19,,2025-01-01 02:18:00+00:00,12.218644662553944,80.71160293788321,13.522638743911816,325.04219826911543,325.04219826911543
100000018,Synthetic Vessel 19,,2025-01-01 02:24:00+00:00,12.222000756218474,80.71346736928537,6.853301795287145,321.2288993302748,321.2288993302748
100000018,Synthetic Vessel 19,,2025-01-01 02:30:00+00:00,12.213580139462293,80.70825757268356,5.346702667264833,286.0481803320685,286.0481803320685
100000018,Synthetic Vessel 19,,2025-01-01 02:36:00+00:00,12.21523627616396,80.7181663230074,10.214456890435894,308.0505937815142,308.0505937815142
100000018,Synthetic Vessel 19,,2025-01-01 02:42:00+00:00,12.206509094349691,80.7247937932951,6.1493299705956685,215.6322629437958,215.6322629437958
100000018,Synthetic Vessel 19,,2025-01-01 02:48:00+00:00,12.19838624004616,80.73298632968384,13.292867993167556,240.91209465770825,240.91209465770825
100000018,Synthetic Vessel 19,,2025-01-01 02:54:00+00:00,12.205965818051803,80.7344217767248,9.304274103209902,186.2806866318149,186.2806866318149
100000019,Synthetic Vessel 20,,2025-01-01 00:00:00+00:00,12.722070768696844,80.14193039033773,9.433800143791878,321.30838438374457,321.30838438374457
100000019,Synthetic Vessel 20,,2025-01-01 00:06:00+00:00,12.72421256027122,80.14455654139958,12.026337730855165,213.0109784302772,213.0109784302772
100000019,Synthetic Vessel 20,,2025-01-01 00:12:00+00:00,12.718961229638715,80.1448038169505,8.845113276448124,37.520929011005165,37.520929011005165
100000019,Synthetic Vessel 20,,2025-01-01 00:18:00+00:00,12.71871457101114,80.14784830214141,11.006510665483558,342.1911789310333,342.1911789310333
100000019,Synthetic Vessel 20,,2025-01-01 00:24:00+00:00,12.723586449334672,80.14797362333131,5.709322161337735,228.27745129547927,228.27745129547927
100000019,Synthetic Vessel 20,,2025-01-01 00:30:00+00:00,12.71867428095151,80.14521068519541,5.456487455023837,170.0976078023449,170.0976078023449
100000019,Synthetic Vessel 20,,2025-01-01 00:36:00+00:00,12.711474762902576,80.14074697135123,8.313470071030508,349.7517687243782,349.7517687243782
100000019,Synthetic Vessel 20,,2025-01-01 00:42:00+00:00,12.711115584064816,80.13466892560601,7.806832155159743,219.88082558727655,219.88082558727655
100000019,Synthetic Vessel 20,,2025-01-01 00:48:00+00:00,12.705255435633584,80.13500037817492,5.076640326492253,1.982087697751496,1.982087697751496
100000019,Synthetic Vessel 20,,2025-01-01 00:54:00+00:00,12.699636811815624,80.12573480542494,8.388606493387517,38.889271487048894,38.889271487048894
100000019,Synthetic Vessel 20,,2025-01-01 01:00:00+00:00,12.705688525407218,80.12717577829233,7.934888232081216,184.56038134430992,184.56038134430992
100000019,Synthetic Vessel 20,,2025-01-01 01:06:00+00:00,12.714323599795875,80.12511607911706,11.170665161178013,31.353396046477737,31.353396046477737
100000019,Synthetic Vessel 20,,2025-01-01 01:12:00+00:00,12.706600367665407,80.1220205419731,13.742225246851758,182.6682979384112,182.6682979384112
100000019,Synthetic Vessel 20,,2025-01-01 01:18:00+00:00,12.70647129927221,80.12606571729373,6.314891198979816,357.41406203966534,357.41406203966534
100000019,Synthetic Vessel 20,,2025-01-01 01:24:00+00:00,12.7019659297826,80.12395723880569,9.110210752655458,151.8581442739793,151.8581442739793
100000019,Synthetic Vessel 20,,2025-01-01 01:30:00+00:00,12.71011814983373,80.12823789169502,8.093727178627821,218.8458770726533,218.8458770726533
100000019,Synthetic Vessel 20,,2025-01-01 01:36:00+00:00,12.716593957518157,80.13733910192472,5.015651051914729,295.6313817180816,295.6313817180816
100000019,Synthetic Vessel 20,,2025-01-01 01:42:00+00:00,12.719321984921825,80.12836180955357,5.595247003477716,92.73859932013988,92.73859932013988
100000019,Synthetic Vessel 20,,2025-01-01 01:48:00+00:00,12.721397893980813,80.13209360782342,8.838388830449794,41.21554970372584,41.21554970372584
100000019,Synthetic Vessel 20,,2025-01-01 01:54:00+00:00,12.720522624159925,80.12947466825864,9.189477901874756,43.5690001746695,43.5690001746695
100000019,Synthetic Vessel 20,,2025-01-01 02:00:00+00:00,12.725546185116093,80.1208948215493,8.547712918359842,28.864805069485243,28.864805069485243
100000019,Synthetic Vessel 20,,2025-01-01 02:06:00+00:00,12.734380699348469,80.12426627448376,8.61919990837865,244.3211844021233,244.3211844021233
100000019,Synthetic Vessel 20,,2025-01-01 02:12:00+00:00,12.73625391517264,80.11446889816432,14.132869475762368,228.9945767074352,228.9945767074352
100000019,Synthetic Vessel 20,,2025-01-01 02:18:00+00:00,12.738505384539536,80.12194287003365,6.205584164036902,260.63029996779375,260.63029996779375
100000019,Synthetic Vessel 20,,2025-01-01 02:24:00+00:00,12.746554450685252,80.11327174692076,6.421371237934577,192.22829011719497,192.22829011719497
100000019,Synthetic Vessel 20,,2025-01-01 02:30:00+00:00,12.736788582899871,80.11171243212331,9.86000493797603,106.21465475549624,106.21465475549624
100000019,Synthetic Vessel 20,,2025-01-01 02:36:00+00:00,12.738332580634562,80.10258721356949,10.586423964504252,44.28118624454843,44.28118624454843
100000019,Synthetic Vessel 20,,2025-01-01 02:42:00+00:00,12.735195927698015,80.10717068332048,13.456043629899067,234.82499349309828,234.82499349309828
100000019,Synthetic Vessel 20,,2025-01-01 02:48:00+00:00,12.7390457842314,80.10576930486828,7.753811742554185,242.2679840619957,242.2679840619957
100000019,Synthetic Vessel 20,,2025-01-01 02:54:00+00:00,12.735172054206965,80.11154900806669,12.983803405183526,160.7110259045696,160.7110259045696
